TARGET,MODEL_KEY,MODEL,PRED_DOCKQ,DockQ
7O9W,7O9W/fold_7o9w_1_model_0,fold_7o9w_1_model_0,0.6419250965118408,0.640603244304657
7O9W,7O9W/fold_7o9w_1_model_1,fold_7o9w_1_model_1,0.514788031578064,0.6619728207588196
7O9W,7O9W/fold_7o9w_1_model_2,fold_7o9w_1_model_2,0.5517281293869019,0.7814293503761292
7O9W,7O9W/fold_7o9w_1_model_3,fold_7o9w_1_model_3,0.6500756144523621,0.7428423762321472
7O9W,7O9W/fold_7o9w_1_model_4,fold_7o9w_1_model_4,0.6935787796974182,0.618364155292511
7O9W,7O9W/fold_7o9w_2_model_0,fold_7o9w_2_model_0,0.584784209728241,0.7362119555473328
7O9W,7O9W/fold_7o9w_2_model_1,fold_7o9w_2_model_1,0.576356053352356,0.7385815382003784
7O9W,7O9W/fold_7o9w_2_model_2,fold_7o9w_2_model_2,0.6546844244003296,0.6425489187240601
7O9W,7O9W/fold_7o9w_2_model_3,fold_7o9w_2_model_3,0.653270423412323,0.7506738901138306
7O9W,7O9W/fold_7o9w_2_model_4,fold_7o9w_2_model_4,0.729354977607727,0.7473369836807251
7O9W,7O9W/fold_7o9w_3_model_0,fold_7o9w_3_model_0,0.5147978067398071,0.6428043246269226
7O9W,7O9W/fold_7o9w_3_model_1,fold_7o9w_3_model_1,0.5347583889961243,0.7338804602622986
7O9W,7O9W/fold_7o9w_3_model_2,fold_7o9w_3_model_2,0.679570734500885,0.7234565019607544
7O9W,7O9W/fold_7o9w_3_model_3,fold_7o9w_3_model_3,0.624321460723877,0.6643152236938477
7O9W,7O9W/fold_7o9w_3_model_4,fold_7o9w_3_model_4,0.5924603939056396,0.7355434894561768
7O9W,7O9W/fold_7o9w_4_model_0,fold_7o9w_4_model_0,0.6657344102859497,0.7309184670448303
7O9W,7O9W/fold_7o9w_4_model_1,fold_7o9w_4_model_1,0.5563243627548218,0.7211141586303711
7O9W,7O9W/fold_7o9w_4_model_2,fold_7o9w_4_model_2,0.6007152199745178,0.6286413073539734
7O9W,7O9W/fold_7o9w_4_model_3,fold_7o9w_4_model_3,0.5531859993934631,0.6553260684013367
7O9W,7O9W/fold_7o9w_4_model_4,fold_7o9w_4_model_4,0.33326107263565063,0.742527186870575
7O9W,7O9W/fold_7o9w_5_model_0,fold_7o9w_5_model_0,0.6819432973861694,0.7303152084350586
7O9W,7O9W/fold_7o9w_5_model_1,fold_7o9w_5_model_1,0.6211444139480591,0.6972064971923828
7O9W,7O9W/fold_7o9w_5_model_2,fold_7o9w_5_model_2,0.6528905630111694,0.7222608923912048
7O9W,7O9W/fold_7o9w_5_model_3,fold_7o9w_5_model_3,0.5834034085273743,0.5914673805236816
7O9W,7O9W/fold_7o9w_5_model_4,fold_7o9w_5_model_4,0.6670432686805725,0.7404999732971191
7OM4,7OM4/fold_7om4_1_model_0,fold_7om4_1_model_0,0.3974136710166931,0.6171428561210632
7OM4,7OM4/fold_7om4_1_model_1,fold_7om4_1_model_1,0.3058786392211914,0.47890976071357727
7OM4,7OM4/fold_7om4_1_model_2,fold_7om4_1_model_2,0.7350866198539734,0.4479548931121826
7OM4,7OM4/fold_7om4_1_model_3,fold_7om4_1_model_3,0.287109375,0.45257896184921265
7OM4,7OM4/fold_7om4_1_model_4,fold_7om4_1_model_4,0.1754792183637619,0.4493308365345001
7OM4,7OM4/fold_7om4_2_model_0,fold_7om4_2_model_0,0.3338981866836548,0.6283533573150635
7OM4,7OM4/fold_7om4_2_model_1,fold_7om4_2_model_1,0.2791847288608551,0.63361656665802
7OM4,7OM4/fold_7om4_2_model_2,fold_7om4_2_model_2,0.11870958656072617,0.46294736862182617
7OM4,7OM4/fold_7om4_2_model_3,fold_7om4_2_model_3,0.03779692202806473,0.44995489716529846
7OM4,7OM4/fold_7om4_2_model_4,fold_7om4_2_model_4,0.09526000171899796,0.4549473822116852
7OM4,7OM4/fold_7om4_3_model_0,fold_7om4_3_model_0,0.558402955532074,0.4901428520679474
7OM4,7OM4/fold_7om4_3_model_1,fold_7om4_3_model_1,0.605769157409668,0.48015788197517395
7OM4,7OM4/fold_7om4_3_model_2,fold_7om4_3_model_2,0.19151253998279572,0.48290976881980896
7OM4,7OM4/fold_7om4_3_model_3,fold_7om4_3_model_3,0.1572946459054947,0.483902245759964
7OM4,7OM4/fold_7om4_3_model_4,fold_7om4_3_model_4,0.2269161194562912,0.4907819628715515
7OM4,7OM4/fold_7om4_4_model_0,fold_7om4_4_model_0,0.6578113436698914,0.6025939583778381
7OM4,7OM4/fold_7om4_4_model_1,fold_7om4_4_model_1,0.649087131023407,0.5949624180793762
7OM4,7OM4/fold_7om4_4_model_2,fold_7om4_4_model_2,0.7434207201004028,0.5871879458427429
7OM4,7OM4/fold_7om4_4_model_3,fold_7om4_4_model_3,0.6758639812469482,0.5879398584365845
7OM4,7OM4/fold_7om4_4_model_4,fold_7om4_4_model_4,0.5595621466636658,0.608120322227478
7OM4,7OM4/fold_7om4_5_model_0,fold_7om4_5_model_0,0.5454192757606506,0.6832857131958008
7OM4,7OM4/fold_7om4_5_model_1,fold_7om4_5_model_1,0.09546409547328949,0.4460827112197876
7OM4,7OM4/fold_7om4_5_model_2,fold_7om4_5_model_2,0.6722959876060486,0.4460827112197876
7OM4,7OM4/fold_7om4_5_model_3,fold_7om4_5_model_3,0.08973495662212372,0.4408420920372009
7OM4,7OM4/fold_7om4_5_model_4,fold_7om4_5_model_4,0.09788577258586884,0.44458645582199097
7R40,7R40/fold_7r40_1_model_0,fold_7r40_1_model_0,0.4059836268424988,0.6800000071525574
7R40,7R40/fold_7r40_1_model_1,fold_7r40_1_model_1,0.12330565601587296,0.6639999747276306
7R40,7R40/fold_7r40_1_model_2,fold_7r40_1_model_2,0.2578335106372833,0.6710000038146973
7R40,7R40/fold_7r40_1_model_3,fold_7r40_1_model_3,0.3227720856666565,0.671999990940094
7R40,7R40/fold_7r40_1_model_4,fold_7r40_1_model_4,0.2771093547344208,0.6660000085830688
7R40,7R40/fold_7r40_2_model_0,fold_7r40_2_model_0,0.19240400195121765,0.6759999990463257
7R40,7R40/fold_7r40_2_model_1,fold_7r40_2_model_1,0.39255332946777344,0.6779999732971191
7R40,7R40/fold_7r40_2_model_2,fold_7r40_2_model_2,0.2613893151283264,0.675000011920929
7R40,7R40/fold_7r40_2_model_3,fold_7r40_2_model_3,0.2676406800746918,0.43497222661972046
7R40,7R40/fold_7r40_2_model_4,fold_7r40_2_model_4,0.38072195649147034,0.6790000200271606
7R40,7R40/fold_7r40_3_model_0,fold_7r40_3_model_0,0.32739877700805664,0.43433332443237305
7R40,7R40/fold_7r40_3_model_1,fold_7r40_3_model_1,0.3355388641357422,0.6700000166893005
7R40,7R40/fold_7r40_3_model_2,fold_7r40_3_model_2,0.23145584762096405,0.6729999780654907
7R40,7R40/fold_7r40_3_model_3,fold_7r40_3_model_3,0.2847112715244293,0.4300277829170227
7R40,7R40/fold_7r40_3_model_4,fold_7r40_3_model_4,0.2810432016849518,0.43113890290260315
7R40,7R40/fold_7r40_4_model_0,fold_7r40_4_model_0,0.11063589155673981,0.6779999732971191
7R40,7R40/fold_7r40_4_model_1,fold_7r40_4_model_1,0.33042505383491516,0.4316111207008362
7R40,7R40/fold_7r40_4_model_2,fold_7r40_4_model_2,0.42892974615097046,0.6669999957084656
7R40,7R40/fold_7r40_4_model_3,fold_7r40_4_model_3,0.21909646689891815,0.6710000038146973
7R40,7R40/fold_7r40_4_model_4,fold_7r40_4_model_4,0.4502365291118622,0.6729999780654907
7R40,7R40/fold_7r40_5_model_0,fold_7r40_5_model_0,0.215842142701149,0.6389999985694885
7R40,7R40/fold_7r40_5_model_1,fold_7r40_5_model_1,0.3786592185497284,0.4255833327770233
7R40,7R40/fold_7r40_5_model_2,fold_7r40_5_model_2,0.1898958534002304,0.671999990940094
7R40,7R40/fold_7r40_5_model_3,fold_7r40_5_model_3,0.12404614686965942,0.6710000038146973
7R40,7R40/fold_7r40_5_model_4,fold_7r40_5_model_4,0.40257513523101807,0.6740000247955322
7S0E,7S0E/fold_7s0e_1_model_0,fold_7s0e_1_model_0,0.3301699459552765,0.5016904473304749
7S0E,7S0E/fold_7s0e_1_model_1,fold_7s0e_1_model_1,0.2393736094236374,0.5039047598838806
7S0E,7S0E/fold_7s0e_1_model_2,fold_7s0e_1_model_2,0.30524325370788574,0.509071409702301
7S0E,7S0E/fold_7s0e_1_model_3,fold_7s0e_1_model_3,0.19189639389514923,0.4950476288795471
7S0E,7S0E/fold_7s0e_1_model_4,fold_7s0e_1_model_4,0.3816065490245819,0.5067301392555237
7S0E,7S0E/fold_7s0e_2_model_0,fold_7s0e_2_model_0,0.2707168459892273,0.5053809285163879
7S0E,7S0E/fold_7s0e_2_model_1,fold_7s0e_2_model_1,0.39760130643844604,0.5061190724372864
7S0E,7S0E/fold_7s0e_2_model_2,fold_7s0e_2_model_2,0.25787800550460815,0.5002142786979675
7S0E,7S0E/fold_7s0e_2_model_3,fold_7s0e_2_model_3,0.3289301097393036,0.49865078926086426
7S0E,7S0E/fold_7s0e_2_model_4,fold_7s0e_2_model_4,0.34305253624916077,0.5079841017723083
7S0E,7S0E/fold_7s0e_3_model_0,fold_7s0e_3_model_0,0.3304795026779175,0.5024285912513733
7S0E,7S0E/fold_7s0e_3_model_1,fold_7s0e_3_model_1,0.30293169617652893,0.50685715675354
7S0E,7S0E/fold_7s0e_3_model_2,fold_7s0e_3_model_2,0.3558112382888794,0.5053809285163879
7S0E,7S0E/fold_7s0e_3_model_3,fold_7s0e_3_model_3,0.49839845299720764,0.5025317668914795
7S0E,7S0E/fold_7s0e_3_model_4,fold_7s0e_3_model_4,0.4182486832141876,0.49961110949516296
7S0E,7S0E/fold_7s0e_4_model_0,fold_7s0e_4_model_0,0.26982221007347107,0.5024285912513733
7S0E,7S0E/fold_7s0e_4_model_1,fold_7s0e_4_model_1,0.3743901550769806,0.5046428442001343
7S0E,7S0E/fold_7s0e_4_model_2,fold_7s0e_4_model_2,0.4982464611530304,0.5121587514877319
7S0E,7S0E/fold_7s0e_4_model_3,fold_7s0e_4_model_3,0.5533325672149658,0.5127618908882141
7S0E,7S0E/fold_7s0e_4_model_4,fold_7s0e_4_model_4,0.3033543825149536,0.5046428442001343
7S0E,7S0E/fold_7s0e_5_model_0,fold_7s0e_5_model_0,0.31930890679359436,0.5046428442001343
7S0E,7S0E/fold_7s0e_5_model_1,fold_7s0e_5_model_1,0.3562977910041809,0.4972619116306305
7S0E,7S0E/fold_7s0e_5_model_2,fold_7s0e_5_model_2,0.3645080029964447,0.5016904473304749
7S0E,7S0E/fold_7s0e_5_model_3,fold_7s0e_5_model_3,0.4087773859500885,0.5013412833213806
7S0E,7S0E/fold_7s0e_5_model_4,fold_7s0e_5_model_4,0.2643715441226959,0.5075952410697937
7SBG,7SBG/fold_7sbg_1_model_0,fold_7sbg_1_model_0,0.07916096597909927,0.41644230484962463
7SBG,7SBG/fold_7sbg_1_model_1,fold_7sbg_1_model_1,0.1206098198890686,0.4559038579463959
7SBG,7SBG/fold_7sbg_1_model_2,fold_7sbg_1_model_2,0.28132620453834534,0.6502307653427124
7SBG,7SBG/fold_7sbg_1_model_3,fold_7sbg_1_model_3,0.31638243794441223,0.4188653826713562
7SBG,7SBG/fold_7sbg_1_model_4,fold_7sbg_1_model_4,0.441474974155426,0.43313461542129517
7SBG,7SBG/fold_7sbg_2_model_0,fold_7sbg_2_model_0,0.13795417547225952,0.4320576786994934
7SBG,7SBG/fold_7sbg_2_model_1,fold_7sbg_2_model_1,0.5168634057044983,0.44692307710647583
7SBG,7SBG/fold_7sbg_2_model_2,fold_7sbg_2_model_2,0.15599308907985687,0.43091025948524475
7SBG,7SBG/fold_7sbg_2_model_3,fold_7sbg_2_model_3,0.15656009316444397,0.4278269112110138
7SBG,7SBG/fold_7sbg_2_model_4,fold_7sbg_2_model_4,0.10017486661672592,0.47846153378486633
7SBG,7SBG/fold_7sbg_3_model_0,fold_7sbg_3_model_0,0.18980461359024048,0.43184614181518555
7SBG,7SBG/fold_7sbg_3_model_1,fold_7sbg_3_model_1,0.1021142229437828,0.4314935803413391
7SBG,7SBG/fold_7sbg_3_model_2,fold_7sbg_3_model_2,0.20585423707962036,0.4140512943267822
7SBG,7SBG/fold_7sbg_3_model_3,fold_7sbg_3_model_3,0.15111050009727478,0.4346282184123993
7SBG,7SBG/fold_7sbg_3_model_4,fold_7sbg_3_model_4,0.20056018233299255,0.42112821340560913
7SBG,7SBG/fold_7sbg_4_model_0,fold_7sbg_4_model_0,0.4574187099933624,0.659416675567627
7SBG,7SBG/fold_7sbg_4_model_1,fold_7sbg_4_model_1,0.48407068848609924,0.6405128240585327
7SBG,7SBG/fold_7sbg_4_model_2,fold_7sbg_4_model_2,0.6539810299873352,0.6454102396965027
7SBG,7SBG/fold_7sbg_4_model_3,fold_7sbg_4_model_3,0.4759790003299713,0.6839295029640198
7SBG,7SBG/fold_7sbg_4_model_4,fold_7sbg_4_model_4,0.5313024520874023,0.6615320444107056
7SBG,7SBG/fold_7sbg_5_model_0,fold_7sbg_5_model_0,0.5975476503372192,0.6555512547492981
7SBG,7SBG/fold_7sbg_5_model_1,fold_7sbg_5_model_1,0.4273166060447693,0.683512806892395
7SBG,7SBG/fold_7sbg_5_model_2,fold_7sbg_5_model_2,0.46669140458106995,0.6420320272445679
7SBG,7SBG/fold_7sbg_5_model_3,fold_7sbg_5_model_3,0.5493859052658081,0.6350128054618835
7SBG,7SBG/fold_7sbg_5_model_4,fold_7sbg_5_model_4,0.5534796714782715,0.6461794972419739
7SD3,7SD3/fold_7sd3_1_model_0,fold_7sd3_1_model_0,0.6716357469558716,0.5839475393295288
7SD3,7SD3/fold_7sd3_1_model_1,fold_7sd3_1_model_1,0.6716871857643127,0.6019691228866577
7SD3,7SD3/fold_7sd3_1_model_2,fold_7sd3_1_model_2,0.6772697567939758,0.5713580250740051
7SD3,7SD3/fold_7sd3_1_model_3,fold_7sd3_1_model_3,0.6172530055046082,0.5900740623474121
7SD3,7SD3/fold_7sd3_1_model_4,fold_7sd3_1_model_4,0.6409850716590881,0.554253101348877
7SD3,7SD3/fold_7sd3_2_model_0,fold_7sd3_2_model_0,0.6708601117134094,0.5733271837234497
7SD3,7SD3/fold_7sd3_2_model_1,fold_7sd3_2_model_1,0.6617171764373779,0.5762222409248352
7SD3,7SD3/fold_7sd3_2_model_2,fold_7sd3_2_model_2,0.6742855906486511,0.5084999799728394
7SD3,7SD3/fold_7sd3_2_model_3,fold_7sd3_2_model_3,0.6655851006507874,0.5704907178878784
7SD3,7SD3/fold_7sd3_2_model_4,fold_7sd3_2_model_4,0.6347573399543762,0.6183456778526306
7SD3,7SD3/fold_7sd3_3_model_0,fold_7sd3_3_model_0,0.6924850344657898,0.5727592706680298
7SD3,7SD3/fold_7sd3_3_model_1,fold_7sd3_3_model_1,0.6980555653572083,0.5862839221954346
7SD3,7SD3/fold_7sd3_3_model_2,fold_7sd3_3_model_2,0.7042688131332397,0.5728117227554321
7SD3,7SD3/fold_7sd3_3_model_3,fold_7sd3_3_model_3,0.5631750822067261,0.5605339407920837
7SD3,7SD3/fold_7sd3_3_model_4,fold_7sd3_3_model_4,0.646044135093689,0.5970401167869568
7SD3,7SD3/fold_7sd3_4_model_0,fold_7sd3_4_model_0,0.6461441516876221,0.5756173133850098
7SD3,7SD3/fold_7sd3_4_model_1,fold_7sd3_4_model_1,0.6672666668891907,0.5794351696968079
7SD3,7SD3/fold_7sd3_4_model_2,fold_7sd3_4_model_2,0.65132737159729,0.5435215830802917
7SD3,7SD3/fold_7sd3_4_model_3,fold_7sd3_4_model_3,0.6916002035140991,0.6158302426338196
7SD3,7SD3/fold_7sd3_4_model_4,fold_7sd3_4_model_4,0.7053161859512329,0.6216543316841125
7SD3,7SD3/fold_7sd3_5_model_0,fold_7sd3_5_model_0,0.6987370252609253,0.6059741377830505
7SD3,7SD3/fold_7sd3_5_model_1,fold_7sd3_5_model_1,0.6811181902885437,0.5415061712265015
7SD3,7SD3/fold_7sd3_5_model_2,fold_7sd3_5_model_2,0.6875792145729065,0.6191359162330627
7SD3,7SD3/fold_7sd3_5_model_3,fold_7sd3_5_model_3,0.5096784830093384,0.5686450600624084
7SD3,7SD3/fold_7sd3_5_model_4,fold_7sd3_5_model_4,0.7157213687896729,0.6148878931999207
7SGM,7SGM/fold_7sgm_1_model_0,fold_7sgm_1_model_0,0.19140936434268951,0.5551989078521729
7SGM,7SGM/fold_7sgm_1_model_1,fold_7sgm_1_model_1,0.4165410101413727,0.5349447727203369
7SGM,7SGM/fold_7sgm_1_model_2,fold_7sgm_1_model_2,0.11157537251710892,0.5634585618972778
7SGM,7SGM/fold_7sgm_1_model_3,fold_7sgm_1_model_3,0.37362754344940186,0.8288376331329346
7SGM,7SGM/fold_7sgm_1_model_4,fold_7sgm_1_model_4,0.31355881690979004,0.8507093787193298
7SGM,7SGM/fold_7sgm_2_model_0,fold_7sgm_2_model_0,0.27852752804756165,0.5662541389465332
7SGM,7SGM/fold_7sgm_2_model_1,fold_7sgm_2_model_1,0.27330026030540466,0.8326153755187988
7SGM,7SGM/fold_7sgm_2_model_2,fold_7sgm_2_model_2,0.29592159390449524,0.8367692232131958
7SGM,7SGM/fold_7sgm_2_model_3,fold_7sgm_2_model_3,0.1038256287574768,0.8240512609481812
7SGM,7SGM/fold_7sgm_2_model_4,fold_7sgm_2_model_4,0.4361605942249298,0.79329913854599
7SGM,7SGM/fold_7sgm_3_model_0,fold_7sgm_3_model_0,0.1365099847316742,0.8448803424835205
7SGM,7SGM/fold_7sgm_3_model_1,fold_7sgm_3_model_1,0.17890650033950806,0.8339999914169312
7SGM,7SGM/fold_7sgm_3_model_2,fold_7sgm_3_model_2,0.10846598446369171,0.8165470361709595
7SGM,7SGM/fold_7sgm_3_model_3,fold_7sgm_3_model_3,0.3839859664440155,0.7827350497245789
7SGM,7SGM/fold_7sgm_3_model_4,fold_7sgm_3_model_4,0.14307545125484467,0.8351880311965942
7SGM,7SGM/fold_7sgm_4_model_0,fold_7sgm_4_model_0,0.18938274681568146,0.5430110692977905
7SGM,7SGM/fold_7sgm_4_model_1,fold_7sgm_4_model_1,0.16551879048347473,0.5402209758758545
7SGM,7SGM/fold_7sgm_4_model_2,fold_7sgm_4_model_2,0.40975162386894226,0.5761768221855164
7SGM,7SGM/fold_7sgm_4_model_3,fold_7sgm_4_model_3,0.06598202139139175,0.5724806785583496
7SGM,7SGM/fold_7sgm_4_model_4,fold_7sgm_4_model_4,0.2132248431444168,0.5478066205978394
7SGM,7SGM/fold_7sgm_5_model_0,fold_7sgm_5_model_0,0.32700011134147644,0.5453922748565674
7SGM,7SGM/fold_7sgm_5_model_1,fold_7sgm_5_model_1,0.0814913958311081,0.5642043948173523
7SGM,7SGM/fold_7sgm_5_model_2,fold_7sgm_5_model_2,0.32403242588043213,0.5705469846725464
7SGM,7SGM/fold_7sgm_5_model_3,fold_7sgm_5_model_3,0.17743319272994995,0.5589447617530823
7SGM,7SGM/fold_7sgm_5_model_4,fold_7sgm_5_model_4,0.3405885696411133,0.564016580581665
7SJN,7SJN/fold_7sjn_1_model_0,fold_7sjn_1_model_0,0.8550019264221191,0.8881495594978333
7SJN,7SJN/fold_7sjn_1_model_1,fold_7sjn_1_model_1,0.7759932279586792,0.8952617049217224
7SJN,7SJN/fold_7sjn_1_model_2,fold_7sjn_1_model_2,0.7565215826034546,0.8999813199043274
7SJN,7SJN/fold_7sjn_1_model_3,fold_7sjn_1_model_3,0.7845374941825867,0.8929532766342163
7SJN,7SJN/fold_7sjn_1_model_4,fold_7sjn_1_model_4,0.8037355542182922,0.8872523307800293
7SJN,7SJN/fold_7sjn_2_model_0,fold_7sjn_2_model_0,0.6952845454216003,0.5571869015693665
7SJN,7SJN/fold_7sjn_2_model_1,fold_7sjn_2_model_1,0.6823568940162659,0.5491588711738586
7SJN,7SJN/fold_7sjn_2_model_2,fold_7sjn_2_model_2,0.7553273439407349,0.5649439096450806
7SJN,7SJN/fold_7sjn_2_model_3,fold_7sjn_2_model_3,0.7210890650749207,0.5560934543609619
7SJN,7SJN/fold_7sjn_2_model_4,fold_7sjn_2_model_4,0.5250739455223083,0.5669158697128296
7SJN,7SJN/fold_7sjn_3_model_0,fold_7sjn_3_model_0,0.7583122253417969,0.5571121573448181
7SJN,7SJN/fold_7sjn_3_model_1,fold_7sjn_3_model_1,0.5427173376083374,0.5499252080917358
7SJN,7SJN/fold_7sjn_3_model_2,fold_7sjn_3_model_2,0.705947756767273,0.5615140199661255
7SJN,7SJN/fold_7sjn_3_model_3,fold_7sjn_3_model_3,0.8359819054603577,0.5572803616523743
7SJN,7SJN/fold_7sjn_3_model_4,fold_7sjn_3_model_4,0.6906103491783142,0.565822422504425
7SJN,7SJN/fold_7sjn_4_model_0,fold_7sjn_4_model_0,0.6174596548080444,0.55231773853302
7SJN,7SJN/fold_7sjn_4_model_1,fold_7sjn_4_model_1,0.752988338470459,0.5606915950775146
7SJN,7SJN/fold_7sjn_4_model_2,fold_7sjn_4_model_2,0.7517576217651367,0.55853271484375
7SJN,7SJN/fold_7sjn_4_model_3,fold_7sjn_4_model_3,0.7250327467918396,0.5564860105514526
7SJN,7SJN/fold_7sjn_4_model_4,fold_7sjn_4_model_4,0.7678022980690002,0.6031121611595154
7SJN,7SJN/fold_7sjn_5_model_0,fold_7sjn_5_model_0,0.8048176765441895,0.8901215195655823
7SJN,7SJN/fold_7sjn_5_model_1,fold_7sjn_5_model_1,0.7906818389892578,0.8902990818023682
7SJN,7SJN/fold_7sjn_5_model_2,fold_7sjn_5_model_2,0.8062989115715027,0.8986168503761292
7SJN,7SJN/fold_7sjn_5_model_3,fold_7sjn_5_model_3,0.7881627678871155,0.8717103004455566
7SJN,7SJN/fold_7sjn_5_model_4,fold_7sjn_5_model_4,0.8083159327507019,0.8931214809417725
7SJO,7SJO/fold_7sjo_1_model_0,fold_7sjo_1_model_0,0.6123108267784119,0.5732585191726685
7SJO,7SJO/fold_7sjo_1_model_1,fold_7sjo_1_model_1,0.5833854079246521,0.5666122436523438
7SJO,7SJO/fold_7sjo_1_model_2,fold_7sjo_1_model_2,0.4983784258365631,0.5710680484771729
7SJO,7SJO/fold_7sjo_1_model_3,fold_7sjo_1_model_3,0.40338969230651855,0.5744761824607849
7SJO,7SJO/fold_7sjo_1_model_4,fold_7sjo_1_model_4,0.5861412286758423,0.5694625973701477
7SJO,7SJO/fold_7sjo_2_model_0,fold_7sjo_2_model_0,0.5515484809875488,0.5984761714935303
7SJO,7SJO/fold_7sjo_2_model_1,fold_7sjo_2_model_1,0.45298704504966736,0.5980679988861084
7SJO,7SJO/fold_7sjo_2_model_2,fold_7sjo_2_model_2,0.4923713803291321,0.6190271973609924
7SJO,7SJO/fold_7sjo_2_model_3,fold_7sjo_2_model_3,0.5673218965530396,0.5903265476226807
7SJO,7SJO/fold_7sjo_2_model_4,fold_7sjo_2_model_4,0.46670717000961304,0.5591564774513245
7SJO,7SJO/fold_7sjo_3_model_0,fold_7sjo_3_model_0,0.37881678342819214,0.5707958936691284
7SJO,7SJO/fold_7sjo_3_model_1,fold_7sjo_3_model_1,0.47343483567237854,0.570659875869751
7SJO,7SJO/fold_7sjo_3_model_2,fold_7sjo_3_model_2,0.6263117790222168,0.5685646533966064
7SJO,7SJO/fold_7sjo_3_model_3,fold_7sjo_3_model_3,0.6270250082015991,0.5791224241256714
7SJO,7SJO/fold_7sjo_3_model_4,fold_7sjo_3_model_4,0.5263108611106873,0.577346920967102
7SJO,7SJO/fold_7sjo_4_model_0,fold_7sjo_4_model_0,0.5452574491500854,0.6164829730987549
7SJO,7SJO/fold_7sjo_4_model_1,fold_7sjo_4_model_1,0.46710750460624695,0.6204965710639954
7SJO,7SJO/fold_7sjo_4_model_2,fold_7sjo_4_model_2,0.568852424621582,0.5855000019073486
7SJO,7SJO/fold_7sjo_4_model_3,fold_7sjo_4_model_3,0.6036645174026489,0.5505933165550232
7SJO,7SJO/fold_7sjo_4_model_4,fold_7sjo_4_model_4,0.3877931833267212,0.5616122484207153
7SJO,7SJO/fold_7sjo_5_model_0,fold_7sjo_5_model_0,0.5450736880302429,0.570027232170105
7SJO,7SJO/fold_7sjo_5_model_1,fold_7sjo_5_model_1,0.6238688826560974,0.5700544118881226
7SJO,7SJO/fold_7sjo_5_model_2,fold_7sjo_5_model_2,0.6249129772186279,0.5754217505455017
7SJO,7SJO/fold_7sjo_5_model_3,fold_7sjo_5_model_3,0.4612950086593628,0.5661632418632507
7SJO,7SJO/fold_7sjo_5_model_4,fold_7sjo_5_model_4,0.45312896370887756,0.5712993144989014
7SU0,7SU0/fold_7su0_1_model_0,fold_7su0_1_model_0,0.3300635516643524,0.668779194355011
7SU0,7SU0/fold_7su0_1_model_1,fold_7su0_1_model_1,0.43446993827819824,0.6472654342651367
7SU0,7SU0/fold_7su0_1_model_2,fold_7su0_1_model_2,0.5993145108222961,0.6479350924491882
7SU0,7SU0/fold_7su0_1_model_3,fold_7su0_1_model_3,0.21481050550937653,0.5958518385887146
7SU0,7SU0/fold_7su0_1_model_4,fold_7su0_1_model_4,0.45453697443008423,0.5918148159980774
7SU0,7SU0/fold_7su0_2_model_0,fold_7su0_2_model_0,0.6356201171875,0.9338889122009277
7SU0,7SU0/fold_7su0_2_model_1,fold_7su0_2_model_1,0.18694418668746948,0.9187222123146057
7SU0,7SU0/fold_7su0_2_model_2,fold_7su0_2_model_2,0.5531358122825623,0.9257715940475464
7SU0,7SU0/fold_7su0_2_model_3,fold_7su0_2_model_3,0.5900125503540039,0.9176234602928162
7SU0,7SU0/fold_7su0_2_model_4,fold_7su0_2_model_4,0.5365472435951233,0.92195063829422
7SU0,7SU0/fold_7su0_3_model_0,fold_7su0_3_model_0,0.5412718653678894,0.6666948199272156
7SU0,7SU0/fold_7su0_3_model_1,fold_7su0_3_model_1,0.31527233123779297,0.6585061550140381
7SU0,7SU0/fold_7su0_3_model_2,fold_7su0_3_model_2,0.5140920877456665,0.649071455001831
7SU0,7SU0/fold_7su0_3_model_3,fold_7su0_3_model_3,0.2961227595806122,0.6785908937454224
7SU0,7SU0/fold_7su0_3_model_4,fold_7su0_3_model_4,0.39387041330337524,0.6463580131530762
7SU0,7SU0/fold_7su0_4_model_0,fold_7su0_4_model_0,0.2970207631587982,0.6490432024002075
7SU0,7SU0/fold_7su0_4_model_1,fold_7su0_4_model_1,0.3308689296245575,0.6592222452163696
7SU0,7SU0/fold_7su0_4_model_2,fold_7su0_4_model_2,0.37598946690559387,0.7096039056777954
7SU0,7SU0/fold_7su0_4_model_3,fold_7su0_4_model_3,0.5231842398643494,0.6454753279685974
7SU0,7SU0/fold_7su0_4_model_4,fold_7su0_4_model_4,0.5544557571411133,0.6198210120201111
7SU0,7SU0/fold_7su0_5_model_0,fold_7su0_5_model_0,0.16953417658805847,0.6540370583534241
7SU0,7SU0/fold_7su0_5_model_1,fold_7su0_5_model_1,0.35725346207618713,0.6532345414161682
7SU0,7SU0/fold_7su0_5_model_2,fold_7su0_5_model_2,0.45369184017181396,0.6349197626113892
7SU0,7SU0/fold_7su0_5_model_3,fold_7su0_5_model_3,0.49441954493522644,0.6499567627906799
7SU0,7SU0/fold_7su0_5_model_4,fold_7su0_5_model_4,0.29337775707244873,0.6225246787071228
7SU1,7SU1/fold_7su1_1_model_0,fold_7su1_1_model_0,0.5370951890945435,0.8467397093772888
7SU1,7SU1/fold_7su1_1_model_1,fold_7su1_1_model_1,0.5492087006568909,0.8540410995483398
7SU1,7SU1/fold_7su1_1_model_2,fold_7su1_1_model_2,0.48390334844589233,0.8404109477996826
7SU1,7SU1/fold_7su1_1_model_3,fold_7su1_1_model_3,0.5713368058204651,0.8483972549438477
7SU1,7SU1/fold_7su1_1_model_4,fold_7su1_1_model_4,0.5362069010734558,0.8330274224281311
7SU1,7SU1/fold_7su1_2_model_0,fold_7su1_2_model_0,0.4871142506599426,0.8434657454490662
7SU1,7SU1/fold_7su1_2_model_1,fold_7su1_2_model_1,0.505291223526001,0.8570274114608765
7SU1,7SU1/fold_7su1_2_model_2,fold_7su1_2_model_2,0.5093820691108704,0.858164370059967
7SU1,7SU1/fold_7su1_2_model_3,fold_7su1_2_model_3,0.5059045553207397,0.8445616364479065
7SU1,7SU1/fold_7su1_2_model_4,fold_7su1_2_model_4,0.4920670688152313,0.8492876887321472
7SU1,7SU1/fold_7su1_3_model_0,fold_7su1_3_model_0,0.4853368103504181,0.8417534232139587
7SU1,7SU1/fold_7su1_3_model_1,fold_7su1_3_model_1,0.5222861170768738,0.8397808074951172
7SU1,7SU1/fold_7su1_3_model_2,fold_7su1_3_model_2,0.5573968291282654,0.8467397093772888
7SU1,7SU1/fold_7su1_3_model_3,fold_7su1_3_model_3,0.502299427986145,0.857191801071167
7SU1,7SU1/fold_7su1_3_model_4,fold_7su1_3_model_4,0.5421298146247864,0.846246600151062
7SU1,7SU1/fold_7su1_4_model_0,fold_7su1_4_model_0,0.45856526494026184,0.8484931588172913
7SU1,7SU1/fold_7su1_4_model_1,fold_7su1_4_model_1,0.49912765622138977,0.8464794754981995
7SU1,7SU1/fold_7su1_4_model_2,fold_7su1_4_model_2,0.48969706892967224,0.853506863117218
7SU1,7SU1/fold_7su1_4_model_3,fold_7su1_4_model_3,0.520536482334137,0.8579177856445312
7SU1,7SU1/fold_7su1_4_model_4,fold_7su1_4_model_4,0.48701706528663635,0.8453150391578674
7SU1,7SU1/fold_7su1_5_model_0,fold_7su1_5_model_0,0.49097740650177,0.8536986112594604
7SU1,7SU1/fold_7su1_5_model_1,fold_7su1_5_model_1,0.5084188580513,0.8379589319229126
7SU1,7SU1/fold_7su1_5_model_2,fold_7su1_5_model_2,0.5431485772132874,0.8473561406135559
7SU1,7SU1/fold_7su1_5_model_3,fold_7su1_5_model_3,0.5492196083068848,0.8589451909065247
7SU1,7SU1/fold_7su1_5_model_4,fold_7su1_5_model_4,0.4937284290790558,0.8267534375190735
7SWN,7SWN/fold_7swn_1_model_0,fold_7swn_1_model_0,0.34799763560295105,0.7233448028564453
7SWN,7SWN/fold_7swn_1_model_1,fold_7swn_1_model_1,0.42115333676338196,0.7198850512504578
7SWN,7SWN/fold_7swn_1_model_2,fold_7swn_1_model_2,0.3573185205459595,0.7158735394477844
7SWN,7SWN/fold_7swn_1_model_3,fold_7swn_1_model_3,0.4646728038787842,0.7161149382591248
7SWN,7SWN/fold_7swn_1_model_4,fold_7swn_1_model_4,0.5365962982177734,0.7286436557769775
7SWN,7SWN/fold_7swn_2_model_0,fold_7swn_2_model_0,0.42492425441741943,0.7197930812835693
7SWN,7SWN/fold_7swn_2_model_1,fold_7swn_2_model_1,0.3718852996826172,0.7078735828399658
7SWN,7SWN/fold_7swn_2_model_2,fold_7swn_2_model_2,0.462268203496933,0.7259770035743713
7SWN,7SWN/fold_7swn_2_model_3,fold_7swn_2_model_3,0.46009472012519836,0.7260229587554932
7SWN,7SWN/fold_7swn_2_model_4,fold_7swn_2_model_4,0.563102662563324,0.7249885201454163
7SWN,7SWN/fold_7swn_3_model_0,fold_7swn_3_model_0,0.3713286221027374,0.7149655222892761
7SWN,7SWN/fold_7swn_3_model_1,fold_7swn_3_model_1,0.431414395570755,0.7183448076248169
7SWN,7SWN/fold_7swn_3_model_2,fold_7swn_3_model_2,0.367191344499588,0.71925288438797
7SWN,7SWN/fold_7swn_3_model_3,fold_7swn_3_model_3,0.4389909505844116,0.7273563146591187
7SWN,7SWN/fold_7swn_3_model_4,fold_7swn_3_model_4,0.43317028880119324,0.7200804352760315
7SWN,7SWN/fold_7swn_4_model_0,fold_7swn_4_model_0,0.23314553499221802,0.6124712824821472
7SWN,7SWN/fold_7swn_4_model_1,fold_7swn_4_model_1,0.1909656971693039,0.48273563385009766
7SWN,7SWN/fold_7swn_4_model_2,fold_7swn_4_model_2,0.4087894856929779,0.6888046264648438
7SWN,7SWN/fold_7swn_4_model_3,fold_7swn_4_model_3,0.2654576003551483,0.5990114808082581
7SWN,7SWN/fold_7swn_4_model_4,fold_7swn_4_model_4,0.53184574842453,0.540597677230835
7SWN,7SWN/fold_7swn_5_model_0,fold_7swn_5_model_0,0.35519078373908997,0.689609169960022
7SWN,7SWN/fold_7swn_5_model_1,fold_7swn_5_model_1,0.19128310680389404,0.6761953830718994
7SWN,7SWN/fold_7swn_5_model_2,fold_7swn_5_model_2,0.5695704817771912,0.6386321783065796
7SWN,7SWN/fold_7swn_5_model_3,fold_7swn_5_model_3,0.3380643427371979,0.6487126350402832
7SWN,7SWN/fold_7swn_5_model_4,fold_7swn_5_model_4,0.2710813581943512,0.6727356314659119
7T25,7T25/fold_7t25_1_model_0,fold_7t25_1_model_0,0.30434945225715637,0.8600000143051147
7T25,7T25/fold_7t25_1_model_1,fold_7t25_1_model_1,0.2766461670398712,0.8600000143051147
7T25,7T25/fold_7t25_1_model_2,fold_7t25_1_model_2,0.3945213556289673,0.8610000014305115
7T25,7T25/fold_7t25_1_model_3,fold_7t25_1_model_3,0.38759690523147583,0.6540895700454712
7T25,7T25/fold_7t25_1_model_4,fold_7t25_1_model_4,0.3175511956214905,0.8659999966621399
7T25,7T25/fold_7t25_2_model_0,fold_7t25_2_model_0,0.34515246748924255,0.8529999852180481
7T25,7T25/fold_7t25_2_model_1,fold_7t25_2_model_1,0.3754804730415344,0.8610000014305115
7T25,7T25/fold_7t25_2_model_2,fold_7t25_2_model_2,0.41140076518058777,0.8650000095367432
7T25,7T25/fold_7t25_2_model_3,fold_7t25_2_model_3,0.35428735613822937,0.8650000095367432
7T25,7T25/fold_7t25_2_model_4,fold_7t25_2_model_4,0.40768420696258545,0.6663880348205566
7T25,7T25/fold_7t25_3_model_0,fold_7t25_3_model_0,0.34800300002098083,0.8659999966621399
7T25,7T25/fold_7t25_3_model_1,fold_7t25_3_model_1,0.28035491704940796,0.8610000014305115
7T25,7T25/fold_7t25_3_model_2,fold_7t25_3_model_2,0.27256080508232117,0.8579999804496765
7T25,7T25/fold_7t25_3_model_3,fold_7t25_3_model_3,0.150312602519989,0.8619999885559082
7T25,7T25/fold_7t25_3_model_4,fold_7t25_3_model_4,0.17289842665195465,0.6661641597747803
7T25,7T25/fold_7t25_4_model_0,fold_7t25_4_model_0,0.4013022184371948,0.6702387928962708
7T25,7T25/fold_7t25_4_model_1,fold_7t25_4_model_1,0.33932653069496155,0.6721268892288208
7T25,7T25/fold_7t25_4_model_2,fold_7t25_4_model_2,0.143210768699646,0.8619999885559082
7T25,7T25/fold_7t25_4_model_3,fold_7t25_4_model_3,0.2230168581008911,0.8629999756813049
7T25,7T25/fold_7t25_4_model_4,fold_7t25_4_model_4,0.28196725249290466,0.8629999756813049
7T25,7T25/fold_7t25_5_model_0,fold_7t25_5_model_0,0.44033047556877136,0.6732089519500732
7T25,7T25/fold_7t25_5_model_1,fold_7t25_5_model_1,0.2921854853630066,0.6570671796798706
7T25,7T25/fold_7t25_5_model_2,fold_7t25_5_model_2,0.3673701584339142,0.8529999852180481
7T25,7T25/fold_7t25_5_model_3,fold_7t25_5_model_3,0.41640806198120117,0.8550000190734863
7T25,7T25/fold_7t25_5_model_4,fold_7t25_5_model_4,0.29513800144195557,0.8619999885559082
7T73,7T73/fold_7t73_1_model_0,fold_7t73_1_model_0,0.6263926029205322,0.6078469157218933
7T73,7T73/fold_7t73_1_model_1,fold_7t73_1_model_1,0.6929253935813904,0.6094258427619934
7T73,7T73/fold_7t73_1_model_2,fold_7t73_1_model_2,0.6450013518333435,0.6041339635848999
7T73,7T73/fold_7t73_1_model_3,fold_7t73_1_model_3,0.6710389256477356,0.615516722202301
7T73,7T73/fold_7t73_1_model_4,fold_7t73_1_model_4,0.5865796208381653,0.6126076579093933
7T73,7T73/fold_7t73_2_model_0,fold_7t73_2_model_0,0.4733162224292755,0.6169569492340088
7T73,7T73/fold_7t73_2_model_1,fold_7t73_2_model_1,0.6032488346099854,0.6389521360397339
7T73,7T73/fold_7t73_2_model_2,fold_7t73_2_model_2,0.504485547542572,0.6335071921348572
7T73,7T73/fold_7t73_2_model_3,fold_7t73_2_model_3,0.4848549962043762,0.6248277425765991
7T73,7T73/fold_7t73_2_model_4,fold_7t73_2_model_4,0.6900522112846375,0.677535891532898
7T73,7T73/fold_7t73_3_model_0,fold_7t73_3_model_0,0.6296929121017456,0.6069952249526978
7T73,7T73/fold_7t73_3_model_1,fold_7t73_3_model_1,0.7008413076400757,0.6135837435722351
7T73,7T73/fold_7t73_3_model_2,fold_7t73_3_model_2,0.6504286527633667,0.6220622062683105
7T73,7T73/fold_7t73_3_model_3,fold_7t73_3_model_3,0.6183236241340637,0.6058229804039001
7T73,7T73/fold_7t73_3_model_4,fold_7t73_3_model_4,0.5582751631736755,0.6084784865379333
7T73,7T73/fold_7t73_4_model_0,fold_7t73_4_model_0,0.6346027255058289,0.6141291856765747
7T73,7T73/fold_7t73_4_model_1,fold_7t73_4_model_1,0.645237922668457,0.606019139289856
7T73,7T73/fold_7t73_4_model_2,fold_7t73_4_model_2,0.5855855941772461,0.6025263071060181
7T73,7T73/fold_7t73_4_model_3,fold_7t73_4_model_3,0.626610517501831,0.6070765256881714
7T73,7T73/fold_7t73_4_model_4,fold_7t73_4_model_4,0.42812126874923706,0.60774165391922
7T73,7T73/fold_7t73_5_model_0,fold_7t73_5_model_0,0.6675511598587036,0.5978755950927734
7T73,7T73/fold_7t73_5_model_1,fold_7t73_5_model_1,0.4789007902145386,0.6105990409851074
7T73,7T73/fold_7t73_5_model_2,fold_7t73_5_model_2,0.6544086337089539,0.6141100525856018
7T73,7T73/fold_7t73_5_model_3,fold_7t73_5_model_3,0.6378445625305176,0.5879760980606079
7T73,7T73/fold_7t73_5_model_4,fold_7t73_5_model_4,0.6680176854133606,0.5963397026062012
7T77,7T77/fold_7t77_1_model_0,fold_7t77_1_model_0,0.5425597429275513,0.5879220962524414
7T77,7T77/fold_7t77_1_model_1,fold_7t77_1_model_1,0.4417000412940979,0.5888874530792236
7T77,7T77/fold_7t77_1_model_2,fold_7t77_1_model_2,0.2842068672180176,0.5873723030090332
7T77,7T77/fold_7t77_1_model_3,fold_7t77_1_model_3,0.25933992862701416,0.5961818099021912
7T77,7T77/fold_7t77_1_model_4,fold_7t77_1_model_4,0.3758374750614166,0.588203489780426
7T77,7T77/fold_7t77_2_model_0,fold_7t77_2_model_0,0.6045289635658264,0.5949047803878784
7T77,7T77/fold_7t77_2_model_1,fold_7t77_2_model_1,0.6002289056777954,0.5891515016555786
7T77,7T77/fold_7t77_2_model_2,fold_7t77_2_model_2,0.555640697479248,0.5935627818107605
7T77,7T77/fold_7t77_2_model_3,fold_7t77_2_model_3,0.5493785738945007,0.593584418296814
7T77,7T77/fold_7t77_2_model_4,fold_7t77_2_model_4,0.6005485653877258,0.5845324397087097
7T77,7T77/fold_7t77_3_model_0,fold_7t77_3_model_0,0.679455041885376,0.5955584645271301
7T77,7T77/fold_7t77_3_model_1,fold_7t77_3_model_1,0.6401963233947754,0.6055411100387573
7T77,7T77/fold_7t77_3_model_2,fold_7t77_3_model_2,0.6151302456855774,0.610978364944458
7T77,7T77/fold_7t77_3_model_3,fold_7t77_3_model_3,0.6454054117202759,0.6125195026397705
7T77,7T77/fold_7t77_3_model_4,fold_7t77_3_model_4,0.7139758467674255,0.6094978451728821
7T77,7T77/fold_7t77_4_model_0,fold_7t77_4_model_0,0.22826099395751953,0.6013766527175903
7T77,7T77/fold_7t77_4_model_1,fold_7t77_4_model_1,0.3498445749282837,0.5945151448249817
7T77,7T77/fold_7t77_4_model_2,fold_7t77_4_model_2,0.3928595185279846,0.5927922129631042
7T77,7T77/fold_7t77_4_model_3,fold_7t77_4_model_3,0.5193848609924316,0.602432906627655
7T77,7T77/fold_7t77_4_model_4,fold_7t77_4_model_4,0.696613073348999,0.5942857265472412
7T77,7T77/fold_7t77_5_model_0,fold_7t77_5_model_0,0.321627140045166,0.6045887470245361
7T77,7T77/fold_7t77_5_model_1,fold_7t77_5_model_1,0.6819370985031128,0.5884415507316589
7T77,7T77/fold_7t77_5_model_2,fold_7t77_5_model_2,0.37340542674064636,0.5920606255531311
7T77,7T77/fold_7t77_5_model_3,fold_7t77_5_model_3,0.3650653064250946,0.5995021462440491
7T77,7T77/fold_7t77_5_model_4,fold_7t77_5_model_4,0.5519706606864929,0.5997705459594727
7TEE,7TEE/fold_7tee_1_model_0,fold_7tee_1_model_0,0.48171576857566833,0.42037662863731384
7TEE,7TEE/fold_7tee_1_model_1,fold_7tee_1_model_1,0.5049925446510315,0.42420345544815063
7TEE,7TEE/fold_7tee_1_model_2,fold_7tee_1_model_2,0.5135473012924194,0.4146233797073364
7TEE,7TEE/fold_7tee_1_model_3,fold_7tee_1_model_3,0.4279806315898895,0.40775758028030396
7TEE,7TEE/fold_7tee_1_model_4,fold_7tee_1_model_4,0.34455960988998413,0.5371428728103638
7TEE,7TEE/fold_7tee_2_model_0,fold_7tee_2_model_0,0.5015583038330078,0.4240303039550781
7TEE,7TEE/fold_7tee_2_model_1,fold_7tee_2_model_1,0.43128594756126404,0.4185108244419098
7TEE,7TEE/fold_7tee_2_model_2,fold_7tee_2_model_2,0.5238248109817505,0.4139913320541382
7TEE,7TEE/fold_7tee_2_model_3,fold_7tee_2_model_3,0.34464356303215027,0.4050433039665222
7TEE,7TEE/fold_7tee_2_model_4,fold_7tee_2_model_4,0.35091954469680786,0.5766344666481018
7TEE,7TEE/fold_7tee_3_model_0,fold_7tee_3_model_0,0.44951701164245605,0.50875324010849
7TEE,7TEE/fold_7tee_3_model_1,fold_7tee_3_model_1,0.5314460396766663,0.5325151681900024
7TEE,7TEE/fold_7tee_3_model_2,fold_7tee_3_model_2,0.3091510832309723,0.5422207713127136
7TEE,7TEE/fold_7tee_3_model_3,fold_7tee_3_model_3,0.5480997562408447,0.5311428308486938
7TEE,7TEE/fold_7tee_3_model_4,fold_7tee_3_model_4,0.3366885781288147,0.4880649447441101
7TEE,7TEE/fold_7tee_4_model_0,fold_7tee_4_model_0,0.31027868390083313,0.41722944378852844
7TEE,7TEE/fold_7tee_4_model_1,fold_7tee_4_model_1,0.4821162223815918,0.41452381014823914
7TEE,7TEE/fold_7tee_4_model_2,fold_7tee_4_model_2,0.285060852766037,0.410722941160202
7TEE,7TEE/fold_7tee_4_model_3,fold_7tee_4_model_3,0.6008104681968689,0.5660995841026306
7TEE,7TEE/fold_7tee_4_model_4,fold_7tee_4_model_4,0.37022948265075684,0.518831193447113
7TEE,7TEE/fold_7tee_5_model_0,fold_7tee_5_model_0,0.4576062560081482,0.42167532444000244
7TEE,7TEE/fold_7tee_5_model_1,fold_7tee_5_model_1,0.48126220703125,0.41190043091773987
7TEE,7TEE/fold_7tee_5_model_2,fold_7tee_5_model_2,0.1628141850233078,0.4060995578765869
7TEE,7TEE/fold_7tee_5_model_3,fold_7tee_5_model_3,0.31987112760543823,0.49337661266326904
7TEE,7TEE/fold_7tee_5_model_4,fold_7tee_5_model_4,0.4461001455783844,0.5024108290672302
7TFO,7TFO/fold_7tfo_1_model_0,fold_7tfo_1_model_0,0.42041531205177307,0.4482928216457367
7TFO,7TFO/fold_7tfo_1_model_1,fold_7tfo_1_model_1,0.649097204208374,0.45558562874794006
7TFO,7TFO/fold_7tfo_1_model_2,fold_7tfo_1_model_2,0.6806972622871399,0.4482928216457367
7TFO,7TFO/fold_7tfo_1_model_3,fold_7tfo_1_model_3,0.30956801772117615,0.4519502818584442
7TFO,7TFO/fold_7tfo_1_model_4,fold_7tfo_1_model_4,0.2729123532772064,0.4524143636226654
7TFO,7TFO/fold_7tfo_2_model_0,fold_7tfo_2_model_0,0.578904390335083,0.44612154364585876
7TFO,7TFO/fold_7tfo_2_model_1,fold_7tfo_2_model_1,0.6572484374046326,0.45617127418518066
7TFO,7TFO/fold_7tfo_2_model_2,fold_7tfo_2_model_2,0.635805606842041,0.46177899837493896
7TFO,7TFO/fold_7tfo_2_model_3,fold_7tfo_2_model_3,0.2378268837928772,0.4558287262916565
7TFO,7TFO/fold_7tfo_2_model_4,fold_7tfo_2_model_4,0.5089781880378723,0.4782375693321228
7TFO,7TFO/fold_7tfo_3_model_0,fold_7tfo_3_model_0,0.7157671451568604,0.4463425278663635
7TFO,7TFO/fold_7tfo_3_model_1,fold_7tfo_3_model_1,0.6739590764045715,0.4479060769081116
7TFO,7TFO/fold_7tfo_3_model_2,fold_7tfo_3_model_2,0.7101068496704102,0.4540497362613678
7TFO,7TFO/fold_7tfo_3_model_3,fold_7tfo_3_model_3,0.6606670022010803,0.4563204348087311
7TFO,7TFO/fold_7tfo_3_model_4,fold_7tfo_3_model_4,0.7435895204544067,0.45634254813194275
7TFO,7TFO/fold_7tfo_4_model_0,fold_7tfo_4_model_0,0.5641618371009827,0.4410994350910187
7TFO,7TFO/fold_7tfo_4_model_1,fold_7tfo_4_model_1,0.47516486048698425,0.44451379776000977
7TFO,7TFO/fold_7tfo_4_model_2,fold_7tfo_4_model_2,0.3578284978866577,0.44941437244415283
7TFO,7TFO/fold_7tfo_4_model_3,fold_7tfo_4_model_3,0.650181233882904,0.4504640996456146
7TFO,7TFO/fold_7tfo_4_model_4,fold_7tfo_4_model_4,0.6469408869743347,0.4519999921321869
7TFO,7TFO/fold_7tfo_5_model_0,fold_7tfo_5_model_0,0.7219234704971313,0.45885634422302246
7TFO,7TFO/fold_7tfo_5_model_1,fold_7tfo_5_model_1,0.6320268511772156,0.4645138084888458
7TFO,7TFO/fold_7tfo_5_model_2,fold_7tfo_5_model_2,0.5507939457893372,0.46109944581985474
7TFO,7TFO/fold_7tfo_5_model_3,fold_7tfo_5_model_3,0.598538339138031,0.46361327171325684
7TFO,7TFO/fold_7tfo_5_model_4,fold_7tfo_5_model_4,0.582040548324585,0.45975691080093384
7TYV,7TYV/fold_7tyv_1_model_0,fold_7tyv_1_model_0,0.62059485912323,0.6542890667915344
7TYV,7TYV/fold_7tyv_1_model_1,fold_7tyv_1_model_1,0.6030449271202087,0.6524062752723694
7TYV,7TYV/fold_7tyv_1_model_2,fold_7tyv_1_model_2,0.7263201475143433,0.7656986117362976
7TYV,7TYV/fold_7tyv_1_model_3,fold_7tyv_1_model_3,0.7088500261306763,0.7477762699127197
7TYV,7TYV/fold_7tyv_1_model_4,fold_7tyv_1_model_4,0.6663703918457031,0.7543835639953613
7TYV,7TYV/fold_7tyv_2_model_0,fold_7tyv_2_model_0,0.7229616641998291,0.7810730338096619
7TYV,7TYV/fold_7tyv_2_model_1,fold_7tyv_2_model_1,0.5950297713279724,0.7688310742378235
7TYV,7TYV/fold_7tyv_2_model_2,fold_7tyv_2_model_2,0.5540651082992554,0.7814748883247375
7TYV,7TYV/fold_7tyv_2_model_3,fold_7tyv_2_model_3,0.41954752802848816,0.7883241772651672
7TYV,7TYV/fold_7tyv_2_model_4,fold_7tyv_2_model_4,0.6824297904968262,0.6594882607460022
7TYV,7TYV/fold_7tyv_3_model_0,fold_7tyv_3_model_0,0.47092047333717346,0.6559492349624634
7TYV,7TYV/fold_7tyv_3_model_1,fold_7tyv_3_model_1,0.6991949081420898,0.7669132351875305
7TYV,7TYV/fold_7tyv_3_model_2,fold_7tyv_3_model_2,0.5647995471954346,0.6511093974113464
7TYV,7TYV/fold_7tyv_3_model_3,fold_7tyv_3_model_3,0.6623602509498596,0.6588827967643738
7TYV,7TYV/fold_7tyv_3_model_4,fold_7tyv_3_model_4,0.7181686162948608,0.7576255798339844
7TYV,7TYV/fold_7tyv_4_model_0,fold_7tyv_4_model_0,0.630394697189331,0.7716803550720215
7TYV,7TYV/fold_7tyv_4_model_1,fold_7tyv_4_model_1,0.5609859228134155,0.7728675603866577
7TYV,7TYV/fold_7tyv_4_model_2,fold_7tyv_4_model_2,0.3808462619781494,0.6526406407356262
7TYV,7TYV/fold_7tyv_4_model_3,fold_7tyv_4_model_3,0.7192991971969604,0.6643710732460022
7TYV,7TYV/fold_7tyv_4_model_4,fold_7tyv_4_model_4,0.5260145664215088,0.6672812700271606
7TYV,7TYV/fold_7tyv_5_model_0,fold_7tyv_5_model_0,0.6976183652877808,0.7509634494781494
7TYV,7TYV/fold_7tyv_5_model_1,fold_7tyv_5_model_1,0.7002272605895996,0.7702785134315491
7TYV,7TYV/fold_7tyv_5_model_2,fold_7tyv_5_model_2,0.7184758186340332,0.7654200792312622
7TYV,7TYV/fold_7tyv_5_model_3,fold_7tyv_5_model_3,0.49255532026290894,0.7592054605484009
7TYV,7TYV/fold_7tyv_5_model_4,fold_7tyv_5_model_4,0.6985819339752197,0.7538127899169922
7UED,7UED/fold_7ued_1_model_0,fold_7ued_1_model_0,0.7366368174552917,0.7624102830886841
7UED,7UED/fold_7ued_1_model_1,fold_7ued_1_model_1,0.6936428546905518,0.7784872055053711
7UED,7UED/fold_7ued_1_model_2,fold_7ued_1_model_2,0.6980445981025696,0.7683333158493042
7UED,7UED/fold_7ued_1_model_3,fold_7ued_1_model_3,0.750622570514679,0.7505640983581543
7UED,7UED/fold_7ued_1_model_4,fold_7ued_1_model_4,0.7202796936035156,0.42573076486587524
7UED,7UED/fold_7ued_2_model_0,fold_7ued_2_model_0,0.21469131112098694,0.7647563815116882
7UED,7UED/fold_7ued_2_model_1,fold_7ued_2_model_1,0.24398896098136902,0.7850641012191772
7UED,7UED/fold_7ued_2_model_2,fold_7ued_2_model_2,0.11519408226013184,0.7790769338607788
7UED,7UED/fold_7ued_2_model_3,fold_7ued_2_model_3,0.421530544757843,0.7590512633323669
7UED,7UED/fold_7ued_2_model_4,fold_7ued_2_model_4,0.3543657958507538,0.7396025657653809
7UED,7UED/fold_7ued_3_model_0,fold_7ued_3_model_0,0.683351457118988,0.7674871683120728
7UED,7UED/fold_7ued_3_model_1,fold_7ued_3_model_1,0.7642369866371155,0.775948703289032
7UED,7UED/fold_7ued_3_model_2,fold_7ued_3_model_2,0.6708554625511169,0.7564871907234192
7UED,7UED/fold_7ued_3_model_3,fold_7ued_3_model_3,0.7396957874298096,0.764102578163147
7UED,7UED/fold_7ued_3_model_4,fold_7ued_3_model_4,0.7250844240188599,0.7624102830886841
7UED,7UED/fold_7ued_4_model_0,fold_7ued_4_model_0,0.5822298526763916,0.7640640735626221
7UED,7UED/fold_7ued_4_model_1,fold_7ued_4_model_1,0.2933279871940613,0.7496795058250427
7UED,7UED/fold_7ued_4_model_2,fold_7ued_4_model_2,0.5691384673118591,0.7488974332809448
7UED,7UED/fold_7ued_4_model_3,fold_7ued_4_model_3,0.6902241706848145,0.7666666507720947
7UED,7UED/fold_7ued_4_model_4,fold_7ued_4_model_4,0.36544451117515564,0.7847564220428467
7UED,7UED/fold_7ued_5_model_0,fold_7ued_5_model_0,0.6331391930580139,0.7615640759468079
7UED,7UED/fold_7ued_5_model_1,fold_7ued_5_model_1,0.6390073299407959,0.7767948508262634
7UED,7UED/fold_7ued_5_model_2,fold_7ued_5_model_2,0.6170360445976257,0.7691794633865356
7UED,7UED/fold_7ued_5_model_3,fold_7ued_5_model_3,0.7222447395324707,0.7556410431861877
7UED,7UED/fold_7ued_5_model_4,fold_7ued_5_model_4,0.7257518172264099,0.7683333158493042
7VNG,7VNG/fold_7vng_1_model_0,fold_7vng_1_model_0,0.3327454924583435,0.6632684469223022
7VNG,7VNG/fold_7vng_1_model_1,fold_7vng_1_model_1,0.26722899079322815,0.7523579001426697
7VNG,7VNG/fold_7vng_1_model_2,fold_7vng_1_model_2,0.3304600119590759,0.7280473709106445
7VNG,7VNG/fold_7vng_1_model_3,fold_7vng_1_model_3,0.2924689054489136,0.7607473731040955
7VNG,7VNG/fold_7vng_1_model_4,fold_7vng_1_model_4,0.20725500583648682,0.7665684223175049
7VNG,7VNG/fold_7vng_2_model_0,fold_7vng_2_model_0,0.348432332277298,0.6962316036224365
7VNG,7VNG/fold_7vng_2_model_1,fold_7vng_2_model_1,0.5556066632270813,0.7594947218894958
7VNG,7VNG/fold_7vng_2_model_2,fold_7vng_2_model_2,0.6659554243087769,0.7648526430130005
7VNG,7VNG/fold_7vng_2_model_3,fold_7vng_2_model_3,0.39550459384918213,0.7668105363845825
7VNG,7VNG/fold_7vng_2_model_4,fold_7vng_2_model_4,0.7012232542037964,0.572542130947113
7VNG,7VNG/fold_7vng_3_model_0,fold_7vng_3_model_0,0.7047595381736755,0.6685947179794312
7VNG,7VNG/fold_7vng_3_model_1,fold_7vng_3_model_1,0.22424620389938354,0.6924631595611572
7VNG,7VNG/fold_7vng_3_model_2,fold_7vng_3_model_2,0.2838912308216095,0.6395315527915955
7VNG,7VNG/fold_7vng_3_model_3,fold_7vng_3_model_3,0.16426053643226624,0.7561420798301697
7VNG,7VNG/fold_7vng_3_model_4,fold_7vng_3_model_4,0.689830482006073,0.7465999722480774
7VNG,7VNG/fold_7vng_4_model_0,fold_7vng_4_model_0,0.08128921687602997,0.4344315826892853
7VNG,7VNG/fold_7vng_4_model_1,fold_7vng_4_model_1,0.17915350198745728,0.43714210391044617
7VNG,7VNG/fold_7vng_4_model_2,fold_7vng_4_model_2,0.24326422810554504,0.4251842200756073
7VNG,7VNG/fold_7vng_4_model_3,fold_7vng_4_model_3,0.13476786017417908,0.4753526449203491
7VNG,7VNG/fold_7vng_4_model_4,fold_7vng_4_model_4,0.33416908979415894,0.3628210425376892
7VNG,7VNG/fold_7vng_5_model_0,fold_7vng_5_model_0,0.04985831305384636,0.45095789432525635
7VNG,7VNG/fold_7vng_5_model_1,fold_7vng_5_model_1,0.17044204473495483,0.34994736313819885
7VNG,7VNG/fold_7vng_5_model_2,fold_7vng_5_model_2,0.4607314169406891,0.42792630195617676
7VNG,7VNG/fold_7vng_5_model_3,fold_7vng_5_model_3,0.22750085592269897,0.3432421088218689
7VNG,7VNG/fold_7vng_5_model_4,fold_7vng_5_model_4,0.27616894245147705,0.6070894598960876
7VYR,7VYR/fold_7vyr_1_model_0,fold_7vyr_1_model_0,0.4870021343231201,0.8450437188148499
7VYR,7VYR/fold_7vyr_1_model_1,fold_7vyr_1_model_1,0.47923925518989563,0.8741256594657898
7VYR,7VYR/fold_7vyr_1_model_2,fold_7vyr_1_model_2,0.4500384032726288,0.8910983800888062
7VYR,7VYR/fold_7vyr_1_model_3,fold_7vyr_1_model_3,0.48440220952033997,0.8666502833366394
7VYR,7VYR/fold_7vyr_1_model_4,fold_7vyr_1_model_4,0.15658411383628845,0.5545573830604553
7VYR,7VYR/fold_7vyr_2_model_0,fold_7vyr_2_model_0,0.5480149388313293,0.843961775302887
7VYR,7VYR/fold_7vyr_2_model_1,fold_7vyr_2_model_1,0.4763398766517639,0.8449344038963318
7VYR,7VYR/fold_7vyr_2_model_2,fold_7vyr_2_model_2,0.5205519795417786,0.8410655856132507
7VYR,7VYR/fold_7vyr_2_model_3,fold_7vyr_2_model_3,0.4963299334049225,0.8675081729888916
7VYR,7VYR/fold_7vyr_2_model_4,fold_7vyr_2_model_4,0.4447021186351776,0.7259726524353027
7VYR,7VYR/fold_7vyr_3_model_0,fold_7vyr_3_model_0,0.460610955953598,0.8649125695228577
7VYR,7VYR/fold_7vyr_3_model_1,fold_7vyr_3_model_1,0.5898039937019348,0.852464497089386
7VYR,7VYR/fold_7vyr_3_model_2,fold_7vyr_3_model_2,0.5398157835006714,0.8570983409881592
7VYR,7VYR/fold_7vyr_3_model_3,fold_7vyr_3_model_3,0.5140009522438049,0.8423169255256653
7VYR,7VYR/fold_7vyr_3_model_4,fold_7vyr_3_model_4,0.522951066493988,0.7784426212310791
7VYR,7VYR/fold_7vyr_4_model_0,fold_7vyr_4_model_0,0.47800254821777344,0.8483169674873352
7VYR,7VYR/fold_7vyr_4_model_1,fold_7vyr_4_model_1,0.5369256138801575,0.8061529994010925
7VYR,7VYR/fold_7vyr_4_model_2,fold_7vyr_4_model_2,0.5420681834220886,0.8511967062950134
7VYR,7VYR/fold_7vyr_4_model_3,fold_7vyr_4_model_3,0.49051734805107117,0.8401201963424683
7VYR,7VYR/fold_7vyr_4_model_4,fold_7vyr_4_model_4,0.46131446957588196,0.8509945273399353
7VYR,7VYR/fold_7vyr_5_model_0,fold_7vyr_5_model_0,0.530669093132019,0.7313224077224731
7VYR,7VYR/fold_7vyr_5_model_1,fold_7vyr_5_model_1,0.5460304021835327,0.7914371490478516
7VYR,7VYR/fold_7vyr_5_model_2,fold_7vyr_5_model_2,0.48895764350891113,0.8415136337280273
7VYR,7VYR/fold_7vyr_5_model_3,fold_7vyr_5_model_3,0.5029920339584351,0.8425518870353699
7VYR,7VYR/fold_7vyr_5_model_4,fold_7vyr_5_model_4,0.5507408976554871,0.7936611771583557
7WO5,7WO5/fold_7wo5_1_model_0,fold_7wo5_1_model_0,0.30504411458969116,0.5690000057220459
7WO5,7WO5/fold_7wo5_1_model_1,fold_7wo5_1_model_1,0.10253950208425522,0.5960000157356262
7WO5,7WO5/fold_7wo5_1_model_2,fold_7wo5_1_model_2,0.11658279597759247,0.42043429613113403
7WO5,7WO5/fold_7wo5_1_model_3,fold_7wo5_1_model_3,0.24341410398483276,0.5559999942779541
7WO5,7WO5/fold_7wo5_1_model_4,fold_7wo5_1_model_4,0.30138731002807617,0.42179998755455017
7WO5,7WO5/fold_7wo5_2_model_0,fold_7wo5_2_model_0,0.24193722009658813,0.44466856122016907
7WO5,7WO5/fold_7wo5_2_model_1,fold_7wo5_2_model_1,0.548865556716919,0.3578285574913025
7WO5,7WO5/fold_7wo5_2_model_2,fold_7wo5_2_model_2,0.10407037287950516,0.43683427572250366
7WO5,7WO5/fold_7wo5_2_model_3,fold_7wo5_2_model_3,0.23508617281913757,0.4537314176559448
7WO5,7WO5/fold_7wo5_2_model_4,fold_7wo5_2_model_4,0.21426460146903992,0.5019999742507935
7WO5,7WO5/fold_7wo5_3_model_0,fold_7wo5_3_model_0,0.44985392689704895,0.3490400016307831
7WO5,7WO5/fold_7wo5_3_model_1,fold_7wo5_3_model_1,0.2555946111679077,0.5009999871253967
7WO5,7WO5/fold_7wo5_3_model_2,fold_7wo5_3_model_2,0.07214630395174026,0.3822285830974579
7WO5,7WO5/fold_7wo5_3_model_3,fold_7wo5_3_model_3,0.10520655661821365,0.5720000267028809
7WO5,7WO5/fold_7wo5_3_model_4,fold_7wo5_3_model_4,0.07593818008899689,0.48399999737739563
7WO5,7WO5/fold_7wo5_4_model_0,fold_7wo5_4_model_0,0.30825427174568176,0.5770000219345093
7WO5,7WO5/fold_7wo5_4_model_1,fold_7wo5_4_model_1,0.1257297694683075,0.5820000171661377
7WO5,7WO5/fold_7wo5_4_model_2,fold_7wo5_4_model_2,0.19971488416194916,0.41190284490585327
7WO5,7WO5/fold_7wo5_4_model_3,fold_7wo5_4_model_3,0.4644870460033417,0.35487428307533264
7WO5,7WO5/fold_7wo5_4_model_4,fold_7wo5_4_model_4,0.12147769331932068,0.3854571282863617
7WO5,7WO5/fold_7wo5_5_model_0,fold_7wo5_5_model_0,0.07645593583583832,0.4383942782878876
7WO5,7WO5/fold_7wo5_5_model_1,fold_7wo5_5_model_1,0.10730825364589691,0.37472569942474365
7WO5,7WO5/fold_7wo5_5_model_2,fold_7wo5_5_model_2,0.07744889706373215,0.3658914268016815
7WO5,7WO5/fold_7wo5_5_model_3,fold_7wo5_5_model_3,0.4102661907672882,0.5019999742507935
7WO5,7WO5/fold_7wo5_5_model_4,fold_7wo5_5_model_4,0.4748675227165222,0.3346285820007324
7WRV,7WRV/fold_7wrv_1_model_0,fold_7wrv_1_model_0,0.35343706607818604,0.3856949210166931
7WRV,7WRV/fold_7wrv_1_model_1,fold_7wrv_1_model_1,0.4303041100502014,0.3895423710346222
7WRV,7WRV/fold_7wrv_1_model_2,fold_7wrv_1_model_2,0.18688605725765228,0.29588136076927185
7WRV,7WRV/fold_7wrv_1_model_3,fold_7wrv_1_model_3,0.44609910249710083,0.2915762662887573
7WRV,7WRV/fold_7wrv_1_model_4,fold_7wrv_1_model_4,0.3416471481323242,0.2728305160999298
7WRV,7WRV/fold_7wrv_2_model_0,fold_7wrv_2_model_0,0.5339767932891846,0.2785762846469879
7WRV,7WRV/fold_7wrv_2_model_1,fold_7wrv_2_model_1,0.43194353580474854,0.29566100239753723
7WRV,7WRV/fold_7wrv_2_model_2,fold_7wrv_2_model_2,0.5314106345176697,0.28459322452545166
7WRV,7WRV/fold_7wrv_2_model_3,fold_7wrv_2_model_3,0.3239022195339203,0.2726779580116272
7WRV,7WRV/fold_7wrv_2_model_4,fold_7wrv_2_model_4,0.15161918103694916,0.28518643975257874
7WRV,7WRV/fold_7wrv_3_model_0,fold_7wrv_3_model_0,0.1444859653711319,0.41174575686454773
7WRV,7WRV/fold_7wrv_3_model_1,fold_7wrv_3_model_1,0.456927627325058,0.47372880578041077
7WRV,7WRV/fold_7wrv_3_model_2,fold_7wrv_3_model_2,0.31080949306488037,0.30469492077827454
7WRV,7WRV/fold_7wrv_3_model_3,fold_7wrv_3_model_3,0.17852576076984406,0.28128814697265625
7WRV,7WRV/fold_7wrv_3_model_4,fold_7wrv_3_model_4,0.31513991951942444,0.3548135459423065
7WRV,7WRV/fold_7wrv_4_model_0,fold_7wrv_4_model_0,0.2584240734577179,0.4472711980342865
7WRV,7WRV/fold_7wrv_4_model_1,fold_7wrv_4_model_1,0.5268120765686035,0.44915252923965454
7WRV,7WRV/fold_7wrv_4_model_2,fold_7wrv_4_model_2,0.44652387499809265,0.42159321904182434
7WRV,7WRV/fold_7wrv_4_model_3,fold_7wrv_4_model_3,0.3826598525047302,0.4187796711921692
7WRV,7WRV/fold_7wrv_4_model_4,fold_7wrv_4_model_4,0.6050648093223572,0.43216949701309204
7WRV,7WRV/fold_7wrv_5_model_0,fold_7wrv_5_model_0,0.29811105132102966,0.4186271131038666
7WRV,7WRV/fold_7wrv_5_model_1,fold_7wrv_5_model_1,0.18226873874664307,0.4843898415565491
7WRV,7WRV/fold_7wrv_5_model_2,fold_7wrv_5_model_2,0.3981606066226959,0.44196611642837524
7WRV,7WRV/fold_7wrv_5_model_3,fold_7wrv_5_model_3,0.27740150690078735,0.4082203507423401
7WRV,7WRV/fold_7wrv_5_model_4,fold_7wrv_5_model_4,0.3953620195388794,0.4667118787765503
7X7O,7X7O/fold_7x7o_1_model_0,fold_7x7o_1_model_0,0.6675478219985962,0.7969231009483337
7X7O,7X7O/fold_7x7o_1_model_1,fold_7x7o_1_model_1,0.33673095703125,0.7973653674125671
7X7O,7X7O/fold_7x7o_1_model_2,fold_7x7o_1_model_2,0.5781517028808594,0.7920288443565369
7X7O,7X7O/fold_7x7o_1_model_3,fold_7x7o_1_model_3,0.38182345032691956,0.7941538691520691
7X7O,7X7O/fold_7x7o_1_model_4,fold_7x7o_1_model_4,0.5383037328720093,0.795519232749939
7X7O,7X7O/fold_7x7o_2_model_0,fold_7x7o_2_model_0,0.4598786532878876,0.7660288214683533
7X7O,7X7O/fold_7x7o_2_model_1,fold_7x7o_2_model_1,0.3325739800930023,0.7890769243240356
7X7O,7X7O/fold_7x7o_2_model_2,fold_7x7o_2_model_2,0.4825823903083801,0.7834230661392212
7X7O,7X7O/fold_7x7o_2_model_3,fold_7x7o_2_model_3,0.3543452322483063,0.7895961403846741
7X7O,7X7O/fold_7x7o_2_model_4,fold_7x7o_2_model_4,0.4918676018714905,0.7829711437225342
7X7O,7X7O/fold_7x7o_3_model_0,fold_7x7o_3_model_0,0.3094898462295532,0.7895480990409851
7X7O,7X7O/fold_7x7o_3_model_1,fold_7x7o_3_model_1,0.44531065225601196,0.7794615626335144
7X7O,7X7O/fold_7x7o_3_model_2,fold_7x7o_3_model_2,0.5921976566314697,0.7983750104904175
7X7O,7X7O/fold_7x7o_3_model_3,fold_7x7o_3_model_3,0.5463343858718872,0.7972692251205444
7X7O,7X7O/fold_7x7o_3_model_4,fold_7x7o_3_model_4,0.44765859842300415,0.7739422917366028
7X7O,7X7O/fold_7x7o_4_model_0,fold_7x7o_4_model_0,0.4852912127971649,0.7716249823570251
7X7O,7X7O/fold_7x7o_4_model_1,fold_7x7o_4_model_1,0.5558605790138245,0.7779807448387146
7X7O,7X7O/fold_7x7o_4_model_2,fold_7x7o_4_model_2,0.5796475410461426,0.7826538681983948
7X7O,7X7O/fold_7x7o_4_model_3,fold_7x7o_4_model_3,0.4725573658943176,0.7841153740882874
7X7O,7X7O/fold_7x7o_4_model_4,fold_7x7o_4_model_4,0.541928231716156,0.7982211709022522
7X7O,7X7O/fold_7x7o_5_model_0,fold_7x7o_5_model_0,0.4759335219860077,0.7850865125656128
7X7O,7X7O/fold_7x7o_5_model_1,fold_7x7o_5_model_1,0.5343387722969055,0.791692316532135
7X7O,7X7O/fold_7x7o_5_model_2,fold_7x7o_5_model_2,0.3523353934288025,0.798153817653656
7X7O,7X7O/fold_7x7o_5_model_3,fold_7x7o_5_model_3,0.5265822410583496,0.791894257068634
7X7O,7X7O/fold_7x7o_5_model_4,fold_7x7o_5_model_4,0.651381254196167,0.7858076691627502
7YQX,7YQX/fold_7yqx_1_model_0,fold_7yqx_1_model_0,0.09543628245592117,0.4239007532596588
7YQX,7YQX/fold_7yqx_1_model_1,fold_7yqx_1_model_1,0.13756661117076874,0.4181218445301056
7YQX,7YQX/fold_7yqx_1_model_2,fold_7yqx_1_model_2,0.23778071999549866,0.4420904517173767
7YQX,7YQX/fold_7yqx_1_model_3,fold_7yqx_1_model_3,0.46112483739852905,0.444477379322052
7YQX,7YQX/fold_7yqx_1_model_4,fold_7yqx_1_model_4,0.14598962664604187,0.4275866746902466
7YQX,7YQX/fold_7yqx_2_model_0,fold_7yqx_2_model_0,0.1264268308877945,0.4080502390861511
7YQX,7YQX/fold_7yqx_2_model_1,fold_7yqx_2_model_1,0.4273412525653839,0.4544811546802521
7YQX,7YQX/fold_7yqx_2_model_2,fold_7yqx_2_model_2,0.3729034662246704,0.44860175251960754
7YQX,7YQX/fold_7yqx_2_model_3,fold_7yqx_2_model_3,0.2333594113588333,0.39998114109039307
7YQX,7YQX/fold_7yqx_2_model_4,fold_7yqx_2_model_4,0.5088099837303162,0.450824111700058
7YQX,7YQX/fold_7yqx_3_model_0,fold_7yqx_3_model_0,0.30356356501579285,0.4578216075897217
7YQX,7YQX/fold_7yqx_3_model_1,fold_7yqx_3_model_1,0.2721594572067261,0.44107913970947266
7YQX,7YQX/fold_7yqx_3_model_2,fold_7yqx_3_model_2,0.7223691940307617,0.4619962275028229
7YQX,7YQX/fold_7yqx_3_model_3,fold_7yqx_3_model_3,0.3047032058238983,0.4493178427219391
7YQX,7YQX/fold_7yqx_3_model_4,fold_7yqx_3_model_4,0.5307620167732239,0.4559321701526642
7YQX,7YQX/fold_7yqx_4_model_0,fold_7yqx_4_model_0,0.2560558021068573,0.44431281089782715
7YQX,7YQX/fold_7yqx_4_model_1,fold_7yqx_4_model_1,0.2429434210062027,0.415282666683197
7YQX,7YQX/fold_7yqx_4_model_2,fold_7yqx_4_model_2,0.20744355022907257,0.398048996925354
7YQX,7YQX/fold_7yqx_4_model_3,fold_7yqx_4_model_3,0.4764463007450104,0.4542525112628937
7YQX,7YQX/fold_7yqx_4_model_4,fold_7yqx_4_model_4,0.48274490237236023,0.4516105651855469
7YQX,7YQX/fold_7yqx_5_model_0,fold_7yqx_5_model_0,0.1802344173192978,0.4050213694572449
7YQX,7YQX/fold_7yqx_5_model_1,fold_7yqx_5_model_1,0.39941641688346863,0.44273367524147034
7YQX,7YQX/fold_7yqx_5_model_2,fold_7yqx_5_model_2,0.12430509179830551,0.44647863507270813
7YQX,7YQX/fold_7yqx_5_model_3,fold_7yqx_5_model_3,0.5461278557777405,0.4677474796772003
7YQX,7YQX/fold_7yqx_5_model_4,fold_7yqx_5_model_4,0.7066185474395752,0.4486168324947357
7YQZ,7YQZ/fold_7yqz_1_model_0,fold_7yqz_1_model_0,0.2813999652862549,0.4197414815425873
7YQZ,7YQZ/fold_7yqz_1_model_1,fold_7yqz_1_model_1,0.5651258230209351,0.4632723927497864
7YQZ,7YQZ/fold_7yqz_1_model_2,fold_7yqz_1_model_2,0.11355262249708176,0.44862547516822815
7YQZ,7YQZ/fold_7yqz_1_model_3,fold_7yqz_1_model_3,0.1296619176864624,0.412883996963501
7YQZ,7YQZ/fold_7yqz_1_model_4,fold_7yqz_1_model_4,0.528420627117157,0.39282599091529846
7YQZ,7YQZ/fold_7yqz_2_model_0,fold_7yqz_2_model_0,0.3141051232814789,0.45162925124168396
7YQZ,7YQZ/fold_7yqz_2_model_1,fold_7yqz_2_model_1,0.15899869799613953,0.45775914192199707
7YQZ,7YQZ/fold_7yqz_2_model_2,fold_7yqz_2_model_2,0.35560548305511475,0.41283100843429565
7YQZ,7YQZ/fold_7yqz_2_model_3,fold_7yqz_2_model_3,0.3957449495792389,0.4487137496471405
7YQZ,7YQZ/fold_7yqz_2_model_4,fold_7yqz_2_model_4,0.13252966105937958,0.45815131068229675
7YQZ,7YQZ/fold_7yqz_3_model_0,fold_7yqz_3_model_0,0.5532963871955872,0.4312988519668579
7YQZ,7YQZ/fold_7yqz_3_model_1,fold_7yqz_3_model_1,0.2842120826244354,0.4507843554019928
7YQZ,7YQZ/fold_7yqz_3_model_2,fold_7yqz_3_model_2,0.34067046642303467,0.4255838692188263
7YQZ,7YQZ/fold_7yqz_3_model_3,fold_7yqz_3_model_3,0.5051249265670776,0.46401262283325195
7YQZ,7YQZ/fold_7yqz_3_model_4,fold_7yqz_3_model_4,0.10504771769046783,0.40005800127983093
7YQZ,7YQZ/fold_7yqz_4_model_0,fold_7yqz_4_model_0,0.5898932218551636,0.4366658329963684
7YQZ,7YQZ/fold_7yqz_4_model_1,fold_7yqz_4_model_1,0.6544904708862305,0.42602017521858215
7YQZ,7YQZ/fold_7yqz_4_model_2,fold_7yqz_4_model_2,0.11365257948637009,0.45961663126945496
7YQZ,7YQZ/fold_7yqz_4_model_3,fold_7yqz_4_model_3,0.35121792554855347,0.45269861817359924
7YQZ,7YQZ/fold_7yqz_4_model_4,fold_7yqz_4_model_4,0.4843359589576721,0.45724591612815857
7YQZ,7YQZ/fold_7yqz_5_model_0,fold_7yqz_5_model_0,0.4967121481895447,0.4107931852340698
7YQZ,7YQZ/fold_7yqz_5_model_1,fold_7yqz_5_model_1,0.23622341454029083,0.4661967158317566
7YQZ,7YQZ/fold_7yqz_5_model_2,fold_7yqz_5_model_2,0.12946222722530365,0.44642874598503113
7YQZ,7YQZ/fold_7yqz_5_model_3,fold_7yqz_5_model_3,0.2680014669895172,0.47217780351638794
7YQZ,7YQZ/fold_7yqz_5_model_4,fold_7yqz_5_model_4,0.3246353566646576,0.44728121161460876
7Z2M,7Z2M/fold_7z2m_1_model_0,fold_7z2m_1_model_0,0.42223161458969116,0.42066290974617004
7Z2M,7Z2M/fold_7z2m_1_model_1,fold_7z2m_1_model_1,0.30685266852378845,0.42955055832862854
7Z2M,7Z2M/fold_7z2m_1_model_2,fold_7z2m_1_model_2,0.39563485980033875,0.5585908889770508
7Z2M,7Z2M/fold_7z2m_1_model_3,fold_7z2m_1_model_3,0.3569304347038269,0.4345056116580963
7Z2M,7Z2M/fold_7z2m_1_model_4,fold_7z2m_1_model_4,0.2818562984466553,0.4423595368862152
7Z2M,7Z2M/fold_7z2m_2_model_0,fold_7z2m_2_model_0,0.45009133219718933,0.4080224633216858
7Z2M,7Z2M/fold_7z2m_2_model_1,fold_7z2m_2_model_1,0.40330713987350464,0.42230337858200073
7Z2M,7Z2M/fold_7z2m_2_model_2,fold_7z2m_2_model_2,0.4466003477573395,0.4256179630756378
7Z2M,7Z2M/fold_7z2m_2_model_3,fold_7z2m_2_model_3,0.32974666357040405,0.4164831340312958
7Z2M,7Z2M/fold_7z2m_2_model_4,fold_7z2m_2_model_4,0.20155876874923706,0.4265393316745758
7Z2M,7Z2M/fold_7z2m_3_model_0,fold_7z2m_3_model_0,0.407897412776947,0.4333033561706543
7Z2M,7Z2M/fold_7z2m_3_model_1,fold_7z2m_3_model_1,0.45416322350502014,0.42486515641212463
7Z2M,7Z2M/fold_7z2m_3_model_2,fold_7z2m_3_model_2,0.3524833023548126,0.4213033616542816
7Z2M,7Z2M/fold_7z2m_3_model_3,fold_7z2m_3_model_3,0.3225647807121277,0.552545428276062
7Z2M,7Z2M/fold_7z2m_3_model_4,fold_7z2m_3_model_4,0.4567975401878357,0.4393483102321625
7Z2M,7Z2M/fold_7z2m_4_model_0,fold_7z2m_4_model_0,0.41021206974983215,0.4227752685546875
7Z2M,7Z2M/fold_7z2m_4_model_1,fold_7z2m_4_model_1,0.40371039509773254,0.43285393714904785
7Z2M,7Z2M/fold_7z2m_4_model_2,fold_7z2m_4_model_2,0.21722623705863953,0.5568636655807495
7Z2M,7Z2M/fold_7z2m_4_model_3,fold_7z2m_4_model_3,0.3933837413787842,0.4269775152206421
7Z2M,7Z2M/fold_7z2m_4_model_4,fold_7z2m_4_model_4,0.30967679619789124,0.41608989238739014
7Z2M,7Z2M/fold_7z2m_5_model_0,fold_7z2m_5_model_0,0.4567837417125702,0.41826966404914856
7Z2M,7Z2M/fold_7z2m_5_model_1,fold_7z2m_5_model_1,0.4291059672832489,0.4192696511745453
7Z2M,7Z2M/fold_7z2m_5_model_2,fold_7z2m_5_model_2,0.3628222644329071,0.41994380950927734
7Z2M,7Z2M/fold_7z2m_5_model_3,fold_7z2m_5_model_3,0.2718338668346405,0.4028427004814148
7Z2M,7Z2M/fold_7z2m_5_model_4,fold_7z2m_5_model_4,0.30497413873672485,0.5585908889770508
7Z4T,7Z4T/fold_7z4t_1_model_0,fold_7z4t_1_model_0,0.2081458568572998,0.5696823596954346
7Z4T,7Z4T/fold_7z4t_1_model_1,fold_7z4t_1_model_1,0.3889169991016388,0.5462706089019775
7Z4T,7Z4T/fold_7z4t_1_model_2,fold_7z4t_1_model_2,0.4274137318134308,0.5532235503196716
7Z4T,7Z4T/fold_7z4t_1_model_3,fold_7z4t_1_model_3,0.4716856777667999,0.5519529581069946
7Z4T,7Z4T/fold_7z4t_1_model_4,fold_7z4t_1_model_4,0.19317887723445892,0.6015529632568359
7Z4T,7Z4T/fold_7z4t_2_model_0,fold_7z4t_2_model_0,0.6185455918312073,0.8494940996170044
7Z4T,7Z4T/fold_7z4t_2_model_1,fold_7z4t_2_model_1,0.5942214131355286,0.8552823662757874
7Z4T,7Z4T/fold_7z4t_2_model_2,fold_7z4t_2_model_2,0.6514326930046082,0.8512941002845764
7Z4T,7Z4T/fold_7z4t_2_model_3,fold_7z4t_2_model_3,0.6235647201538086,0.8475176692008972
7Z4T,7Z4T/fold_7z4t_2_model_4,fold_7z4t_2_model_4,0.6371750831604004,0.852647066116333
7Z4T,7Z4T/fold_7z4t_3_model_0,fold_7z4t_3_model_0,0.6780169010162354,0.8592000007629395
7Z4T,7Z4T/fold_7z4t_3_model_1,fold_7z4t_3_model_1,0.586409866809845,0.8553529381752014
7Z4T,7Z4T/fold_7z4t_3_model_2,fold_7z4t_3_model_2,0.6445279717445374,0.848517656326294
7Z4T,7Z4T/fold_7z4t_3_model_3,fold_7z4t_3_model_3,0.6563747525215149,0.8341293931007385
7Z4T,7Z4T/fold_7z4t_3_model_4,fold_7z4t_3_model_4,0.6371002197265625,0.8539999723434448
7Z4T,7Z4T/fold_7z4t_4_model_0,fold_7z4t_4_model_0,0.616097092628479,0.8570470809936523
7Z4T,7Z4T/fold_7z4t_4_model_1,fold_7z4t_4_model_1,0.5971452593803406,0.8571764826774597
7Z4T,7Z4T/fold_7z4t_4_model_2,fold_7z4t_4_model_2,0.6383090615272522,0.8575294017791748
7Z4T,7Z4T/fold_7z4t_4_model_3,fold_7z4t_4_model_3,0.5896711945533752,0.8439529538154602
7Z4T,7Z4T/fold_7z4t_4_model_4,fold_7z4t_4_model_4,0.5863598585128784,0.8539999723434448
7Z4T,7Z4T/fold_7z4t_5_model_0,fold_7z4t_5_model_0,0.3669528067111969,0.5502941012382507
7Z4T,7Z4T/fold_7z4t_5_model_1,fold_7z4t_5_model_1,0.6044195890426636,0.5612117648124695
7Z4T,7Z4T/fold_7z4t_5_model_2,fold_7z4t_5_model_2,0.3582378029823303,0.5585647225379944
7Z4T,7Z4T/fold_7z4t_5_model_3,fold_7z4t_5_model_3,0.3579208254814148,0.5524705648422241
7Z4T,7Z4T/fold_7z4t_5_model_4,fold_7z4t_5_model_4,0.4230663478374481,0.5740470886230469
7ZF9,7ZF9/fold_7zf9_1_model_0,fold_7zf9_1_model_0,0.20710337162017822,0.8310627937316895
7ZF9,7ZF9/fold_7zf9_1_model_1,fold_7zf9_1_model_1,0.1373278796672821,0.9035652279853821
7ZF9,7ZF9/fold_7zf9_1_model_2,fold_7zf9_1_model_2,0.47383835911750793,0.8412125706672668
7ZF9,7ZF9/fold_7zf9_1_model_3,fold_7zf9_1_model_3,0.3301692605018616,0.8442946672439575
7ZF9,7ZF9/fold_7zf9_1_model_4,fold_7zf9_1_model_4,0.4279027581214905,0.8923140168190002
7ZF9,7ZF9/fold_7zf9_2_model_0,fold_7zf9_2_model_0,0.4650805592536926,0.889743983745575
7ZF9,7ZF9/fold_7zf9_2_model_1,fold_7zf9_2_model_1,0.3033815026283264,0.8975362181663513
7ZF9,7ZF9/fold_7zf9_2_model_2,fold_7zf9_2_model_2,0.3877057433128357,0.8912029266357422
7ZF9,7ZF9/fold_7zf9_2_model_3,fold_7zf9_2_model_3,0.30057474970817566,0.8772608637809753
7ZF9,7ZF9/fold_7zf9_2_model_4,fold_7zf9_2_model_4,0.2745549976825714,0.887333333492279
7ZF9,7ZF9/fold_7zf9_3_model_0,fold_7zf9_3_model_0,0.33626943826675415,0.890101432800293
7ZF9,7ZF9/fold_7zf9_3_model_1,fold_7zf9_3_model_1,0.6106440424919128,0.8800869584083557
7ZF9,7ZF9/fold_7zf9_3_model_2,fold_7zf9_3_model_2,0.4445078372955322,0.8937729597091675
7ZF9,7ZF9/fold_7zf9_3_model_3,fold_7zf9_3_model_3,0.322469562292099,0.8881111145019531
7ZF9,7ZF9/fold_7zf9_3_model_4,fold_7zf9_3_model_4,0.38325077295303345,0.8462125658988953
7ZF9,7ZF9/fold_7zf9_4_model_0,fold_7zf9_4_model_0,0.45778021216392517,0.8984347581863403
7ZF9,7ZF9/fold_7zf9_4_model_1,fold_7zf9_4_model_1,0.3571403920650482,0.8809854984283447
7ZF9,7ZF9/fold_7zf9_4_model_2,fold_7zf9_4_model_2,0.5510110855102539,0.8706424832344055
7ZF9,7ZF9/fold_7zf9_4_model_3,fold_7zf9_4_model_3,0.3312664330005646,0.8754782676696777
7ZF9,7ZF9/fold_7zf9_4_model_4,fold_7zf9_4_model_4,0.4382627308368683,0.8314203023910522
7ZF9,7ZF9/fold_7zf9_5_model_0,fold_7zf9_5_model_0,0.48563897609710693,0.8490048050880432
7ZF9,7ZF9/fold_7zf9_5_model_1,fold_7zf9_5_model_1,0.37665417790412903,0.9113043546676636
7ZF9,7ZF9/fold_7zf9_5_model_2,fold_7zf9_5_model_2,0.27122217416763306,0.8668888807296753
7ZF9,7ZF9/fold_7zf9_5_model_3,fold_7zf9_5_model_3,0.35619109869003296,0.8920676112174988
7ZF9,7ZF9/fold_7zf9_5_model_4,fold_7zf9_5_model_4,0.3506571650505066,0.9055845141410828
7ZR7,7ZR7/fold_7zr7_1_model_0,fold_7zr7_1_model_0,0.4806211590766907,0.847000002861023
7ZR7,7ZR7/fold_7zr7_1_model_1,fold_7zr7_1_model_1,0.6742100715637207,0.5058736801147461
7ZR7,7ZR7/fold_7zr7_1_model_2,fold_7zr7_1_model_2,0.5566888451576233,0.7919999957084656
7ZR7,7ZR7/fold_7zr7_1_model_3,fold_7zr7_1_model_3,0.20073992013931274,0.5319368243217468
7ZR7,7ZR7/fold_7zr7_1_model_4,fold_7zr7_1_model_4,0.5076805949211121,0.5222736597061157
7ZR7,7ZR7/fold_7zr7_2_model_0,fold_7zr7_2_model_0,0.3634805977344513,0.5148420929908752
7ZR7,7ZR7/fold_7zr7_2_model_1,fold_7zr7_2_model_1,0.3914548456668854,0.4525684118270874
7ZR7,7ZR7/fold_7zr7_2_model_2,fold_7zr7_2_model_2,0.3792394697666168,0.5148420929908752
7ZR7,7ZR7/fold_7zr7_2_model_3,fold_7zr7_2_model_3,0.5206634402275085,0.513378918170929
7ZR7,7ZR7/fold_7zr7_2_model_4,fold_7zr7_2_model_4,0.6777563691139221,0.8460000157356262
7ZR7,7ZR7/fold_7zr7_3_model_0,fold_7zr7_3_model_0,0.4435235857963562,0.8429999947547913
7ZR7,7ZR7/fold_7zr7_3_model_1,fold_7zr7_3_model_1,0.3186320960521698,0.49347367882728577
7ZR7,7ZR7/fold_7zr7_3_model_2,fold_7zr7_3_model_2,0.32650333642959595,0.859000027179718
7ZR7,7ZR7/fold_7zr7_3_model_3,fold_7zr7_3_model_3,0.40870755910873413,0.5197263360023499
7ZR7,7ZR7/fold_7zr7_3_model_4,fold_7zr7_3_model_4,0.5270265340805054,0.5062947273254395
7ZR7,7ZR7/fold_7zr7_4_model_0,fold_7zr7_4_model_0,0.5575787425041199,0.526515781879425
7ZR7,7ZR7/fold_7zr7_4_model_1,fold_7zr7_4_model_1,0.7005269527435303,0.5366315841674805
7ZR7,7ZR7/fold_7zr7_4_model_2,fold_7zr7_4_model_2,0.52488774061203,0.5378526449203491
7ZR7,7ZR7/fold_7zr7_4_model_3,fold_7zr7_4_model_3,0.5126107931137085,0.5156736969947815
7ZR7,7ZR7/fold_7zr7_4_model_4,fold_7zr7_4_model_4,0.4324360489845276,0.5112526416778564
7ZR7,7ZR7/fold_7zr7_5_model_0,fold_7zr7_5_model_0,0.297754168510437,0.5099579095840454
7ZR7,7ZR7/fold_7zr7_5_model_1,fold_7zr7_5_model_1,0.342837393283844,0.5150105357170105
7ZR7,7ZR7/fold_7zr7_5_model_2,fold_7zr7_5_model_2,0.3846045732498169,0.5081263184547424
7ZR7,7ZR7/fold_7zr7_5_model_3,fold_7zr7_5_model_3,0.3926573097705841,0.521747350692749
7ZR7,7ZR7/fold_7zr7_5_model_4,fold_7zr7_5_model_4,0.6250247359275818,0.5215578675270081
8B7W,8B7W/fold_8b7w_1_model_0,fold_8b7w_1_model_0,0.5441613793373108,0.08399999886751175
8B7W,8B7W/fold_8b7w_1_model_1,fold_8b7w_1_model_1,0.6954180002212524,0.05900000035762787
8B7W,8B7W/fold_8b7w_1_model_2,fold_8b7w_1_model_2,0.026699163019657135,0.04800000041723251
8B7W,8B7W/fold_8b7w_1_model_3,fold_8b7w_1_model_3,0.027813054621219635,0.017999999225139618
8B7W,8B7W/fold_8b7w_1_model_4,fold_8b7w_1_model_4,0.10549294203519821,0.014000000432133675
8B7W,8B7W/fold_8b7w_2_model_0,fold_8b7w_2_model_0,0.8607712388038635,0.01899999938905239
8B7W,8B7W/fold_8b7w_2_model_1,fold_8b7w_2_model_1,0.1334908902645111,0.05900000035762787
8B7W,8B7W/fold_8b7w_2_model_2,fold_8b7w_2_model_2,0.284433513879776,0.05700000002980232
8B7W,8B7W/fold_8b7w_2_model_3,fold_8b7w_2_model_3,0.6772165894508362,0.03500000014901161
8B7W,8B7W/fold_8b7w_2_model_4,fold_8b7w_2_model_4,0.6847050189971924,0.03400000184774399
8B7W,8B7W/fold_8b7w_3_model_0,fold_8b7w_3_model_0,0.3635523319244385,0.20800000429153442
8B7W,8B7W/fold_8b7w_3_model_1,fold_8b7w_3_model_1,0.8884907364845276,0.02199999988079071
8B7W,8B7W/fold_8b7w_3_model_2,fold_8b7w_3_model_2,0.8459019064903259,0.14000000059604645
8B7W,8B7W/fold_8b7w_3_model_3,fold_8b7w_3_model_3,0.05656126141548157,0.012000000104308128
8B7W,8B7W/fold_8b7w_3_model_4,fold_8b7w_3_model_4,0.9349804520606995,0.24199999868869781
8B7W,8B7W/fold_8b7w_4_model_0,fold_8b7w_4_model_0,0.8027506470680237,0.054999999701976776
8B7W,8B7W/fold_8b7w_4_model_1,fold_8b7w_4_model_1,0.7699918150901794,0.054999999701976776
8B7W,8B7W/fold_8b7w_4_model_2,fold_8b7w_4_model_2,0.8129048943519592,0.05700000002980232
8B7W,8B7W/fold_8b7w_4_model_3,fold_8b7w_4_model_3,0.6606022119522095,0.01899999938905239
8B7W,8B7W/fold_8b7w_4_model_4,fold_8b7w_4_model_4,0.6276114583015442,0.035999998450279236
8B7W,8B7W/fold_8b7w_5_model_0,fold_8b7w_5_model_0,0.3101979196071625,0.014999999664723873
8B7W,8B7W/fold_8b7w_5_model_1,fold_8b7w_5_model_1,0.5903491973876953,0.014999999664723873
8B7W,8B7W/fold_8b7w_5_model_2,fold_8b7w_5_model_2,0.5128465294837952,0.03400000184774399
8B7W,8B7W/fold_8b7w_5_model_3,fold_8b7w_5_model_3,0.4590209126472473,0.0430000014603138
8B7W,8B7W/fold_8b7w_5_model_4,fold_8b7w_5_model_4,0.39942723512649536,0.017999999225139618
8F8X,8F8X/fold_8f8x_1_model_0,fold_8f8x_1_model_0,0.8001272082328796,0.010999999940395355
8F8X,8F8X/fold_8f8x_1_model_1,fold_8f8x_1_model_1,0.8153141140937805,0.00800000037997961
8F8X,8F8X/fold_8f8x_1_model_2,fold_8f8x_1_model_2,0.5848652720451355,0.009999999776482582
8F8X,8F8X/fold_8f8x_1_model_3,fold_8f8x_1_model_3,0.7106033563613892,0.00800000037997961
8F8X,8F8X/fold_8f8x_1_model_4,fold_8f8x_1_model_4,0.5582779049873352,0.0989999994635582
8F8X,8F8X/fold_8f8x_2_model_0,fold_8f8x_2_model_0,0.6556518077850342,0.012000000104308128
8F8X,8F8X/fold_8f8x_2_model_1,fold_8f8x_2_model_1,0.19059723615646362,0.010999999940395355
8F8X,8F8X/fold_8f8x_2_model_2,fold_8f8x_2_model_2,0.7728285789489746,0.009999999776482582
8F8X,8F8X/fold_8f8x_2_model_3,fold_8f8x_2_model_3,0.3107911944389343,0.014999999664723873
8F8X,8F8X/fold_8f8x_2_model_4,fold_8f8x_2_model_4,0.5735859274864197,0.017000000923871994
8F8X,8F8X/fold_8f8x_3_model_0,fold_8f8x_3_model_0,0.857205331325531,0.014999999664723873
8F8X,8F8X/fold_8f8x_3_model_1,fold_8f8x_3_model_1,0.7597435116767883,0.008999999612569809
8F8X,8F8X/fold_8f8x_3_model_2,fold_8f8x_3_model_2,0.2762572169303894,0.009999999776482582
8F8X,8F8X/fold_8f8x_3_model_3,fold_8f8x_3_model_3,0.6687583923339844,0.009999999776482582
8F8X,8F8X/fold_8f8x_3_model_4,fold_8f8x_3_model_4,0.285296767950058,0.017000000923871994
8F8X,8F8X/fold_8f8x_4_model_0,fold_8f8x_4_model_0,0.7200535535812378,0.010999999940395355
8F8X,8F8X/fold_8f8x_4_model_1,fold_8f8x_4_model_1,0.40285900235176086,0.010999999940395355
8F8X,8F8X/fold_8f8x_4_model_2,fold_8f8x_4_model_2,0.6039116978645325,0.010999999940395355
8F8X,8F8X/fold_8f8x_4_model_3,fold_8f8x_4_model_3,0.6912094950675964,0.009999999776482582
8F8X,8F8X/fold_8f8x_4_model_4,fold_8f8x_4_model_4,0.20051611959934235,0.009999999776482582
8F8X,8F8X/fold_8f8x_5_model_0,fold_8f8x_5_model_0,0.6700150966644287,0.01600000075995922
8F8X,8F8X/fold_8f8x_5_model_1,fold_8f8x_5_model_1,0.7002664804458618,0.014999999664723873
8F8X,8F8X/fold_8f8x_5_model_2,fold_8f8x_5_model_2,0.5884663462638855,0.009999999776482582
8F8X,8F8X/fold_8f8x_5_model_3,fold_8f8x_5_model_3,0.7863727807998657,0.009999999776482582
8F8X,8F8X/fold_8f8x_5_model_4,fold_8f8x_5_model_4,0.8340195417404175,0.10199999809265137
8GV6,8GV6/fold_8gv6_1_model_0,fold_8gv6_1_model_0,0.6079484820365906,0.611763060092926
8GV6,8GV6/fold_8gv6_1_model_1,fold_8gv6_1_model_1,0.6152116060256958,0.5647384524345398
8GV6,8GV6/fold_8gv6_1_model_2,fold_8gv6_1_model_2,0.5392279028892517,0.5933261513710022
8GV6,8GV6/fold_8gv6_1_model_3,fold_8gv6_1_model_3,0.4430270791053772,0.5796307921409607
8GV6,8GV6/fold_8gv6_1_model_4,fold_8gv6_1_model_4,0.6511971354484558,0.5749969482421875
8GV6,8GV6/fold_8gv6_2_model_0,fold_8gv6_2_model_0,0.6634856462478638,0.5826892256736755
8GV6,8GV6/fold_8gv6_2_model_1,fold_8gv6_2_model_1,0.6238967180252075,0.4882461428642273
8GV6,8GV6/fold_8gv6_2_model_2,fold_8gv6_2_model_2,0.6576095819473267,0.5860676765441895
8GV6,8GV6/fold_8gv6_2_model_3,fold_8gv6_2_model_3,0.6088685393333435,0.5577569007873535
8GV6,8GV6/fold_8gv6_2_model_4,fold_8gv6_2_model_4,0.6017647981643677,0.5301569104194641
8GV6,8GV6/fold_8gv6_3_model_0,fold_8gv6_3_model_0,0.7436399459838867,0.45061230659484863
8GV6,8GV6/fold_8gv6_3_model_1,fold_8gv6_3_model_1,0.7138504385948181,0.47185230255126953
8GV6,8GV6/fold_8gv6_3_model_2,fold_8gv6_3_model_2,0.7389818429946899,0.47025230526924133
8GV6,8GV6/fold_8gv6_3_model_3,fold_8gv6_3_model_3,0.7228054404258728,0.459409236907959
8GV6,8GV6/fold_8gv6_3_model_4,fold_8gv6_3_model_4,0.5148881673812866,0.4598984718322754
8GV6,8GV6/fold_8gv6_4_model_0,fold_8gv6_4_model_0,0.71226567029953,0.5276861786842346
8GV6,8GV6/fold_8gv6_4_model_1,fold_8gv6_4_model_1,0.6880720853805542,0.7064139246940613
8GV6,8GV6/fold_8gv6_4_model_2,fold_8gv6_4_model_2,0.7353460192680359,0.645805835723877
8GV6,8GV6/fold_8gv6_4_model_3,fold_8gv6_4_model_3,0.6581023335456848,0.5718861818313599
8GV6,8GV6/fold_8gv6_4_model_4,fold_8gv6_4_model_4,0.5221657156944275,0.5296830534934998
8GV6,8GV6/fold_8gv6_5_model_0,fold_8gv6_5_model_0,0.7306839823722839,0.4556399881839752
8GV6,8GV6/fold_8gv6_5_model_1,fold_8gv6_5_model_1,0.5614914298057556,0.44342461228370667
8GV6,8GV6/fold_8gv6_5_model_2,fold_8gv6_5_model_2,0.5443982481956482,0.4717753827571869
8GV6,8GV6/fold_8gv6_5_model_3,fold_8gv6_5_model_3,0.6407565474510193,0.448621541261673
8GV6,8GV6/fold_8gv6_5_model_4,fold_8gv6_5_model_4,0.6963825821876526,0.478861540555954
8GV7,8GV7/fold_8gv7_1_model_0,fold_8gv7_1_model_0,0.7087039351463318,0.6059881448745728
8GV7,8GV7/fold_8gv7_1_model_1,fold_8gv7_1_model_1,0.7027000784873962,0.5788012146949768
8GV7,8GV7/fold_8gv7_1_model_2,fold_8gv7_1_model_2,0.5384488105773926,0.5954243540763855
8GV7,8GV7/fold_8gv7_1_model_3,fold_8gv7_1_model_3,0.6235567331314087,0.4966409504413605
8GV7,8GV7/fold_8gv7_1_model_4,fold_8gv7_1_model_4,0.5929099917411804,0.5665727257728577
8GV7,8GV7/fold_8gv7_2_model_0,fold_8gv7_2_model_0,0.6797376871109009,0.5925459861755371
8GV7,8GV7/fold_8gv7_2_model_1,fold_8gv7_2_model_1,0.6974000334739685,0.5932552218437195
8GV7,8GV7/fold_8gv7_2_model_2,fold_8gv7_2_model_2,0.6760350465774536,0.5795370936393738
8GV7,8GV7/fold_8gv7_2_model_3,fold_8gv7_2_model_3,0.7189950346946716,0.6087032556533813
8GV7,8GV7/fold_8gv7_2_model_4,fold_8gv7_2_model_4,0.7302821278572083,0.5747418403625488
8GV7,8GV7/fold_8gv7_3_model_0,fold_8gv7_3_model_0,0.6161318421363831,0.5947626233100891
8GV7,8GV7/fold_8gv7_3_model_1,fold_8gv7_3_model_1,0.6989389061927795,0.586284875869751
8GV7,8GV7/fold_8gv7_3_model_2,fold_8gv7_3_model_2,0.728983461856842,0.5787240266799927
8GV7,8GV7/fold_8gv7_3_model_3,fold_8gv7_3_model_3,0.6545441746711731,0.5755786299705505
8GV7,8GV7/fold_8gv7_3_model_4,fold_8gv7_3_model_4,0.4891360104084015,0.5621750950813293
8GV7,8GV7/fold_8gv7_4_model_0,fold_8gv7_4_model_0,0.6591421365737915,0.6030800938606262
8GV7,8GV7/fold_8gv7_4_model_1,fold_8gv7_4_model_1,0.6207149624824524,0.6014480590820312
8GV7,8GV7/fold_8gv7_4_model_2,fold_8gv7_4_model_2,0.6070544719696045,0.5529643893241882
8GV7,8GV7/fold_8gv7_4_model_3,fold_8gv7_4_model_3,0.6654453873634338,0.5856053233146667
8GV7,8GV7/fold_8gv7_4_model_4,fold_8gv7_4_model_4,0.6398118734359741,0.5587626099586487
8GV7,8GV7/fold_8gv7_5_model_0,fold_8gv7_5_model_0,0.6754761934280396,0.5952907800674438
8GV7,8GV7/fold_8gv7_5_model_1,fold_8gv7_5_model_1,0.691846489906311,0.6129703521728516
8GV7,8GV7/fold_8gv7_5_model_2,fold_8gv7_5_model_2,0.6461779475212097,0.5786439180374146
8GV7,8GV7/fold_8gv7_5_model_3,fold_8gv7_5_model_3,0.6691892147064209,0.5797803997993469
8GV7,8GV7/fold_8gv7_5_model_4,fold_8gv7_5_model_4,0.6600224375724792,0.6043471693992615
8GZ5,8GZ5/fold_8gz5_1_model_0,fold_8gz5_1_model_0,0.8656136989593506,0.5090000033378601
8GZ5,8GZ5/fold_8gz5_1_model_1,fold_8gz5_1_model_1,0.6991368532180786,0.1850000023841858
8GZ5,8GZ5/fold_8gz5_1_model_2,fold_8gz5_1_model_2,0.10800331830978394,0.6690000295639038
8GZ5,8GZ5/fold_8gz5_1_model_3,fold_8gz5_1_model_3,0.8460267186164856,0.09200000017881393
8GZ5,8GZ5/fold_8gz5_1_model_4,fold_8gz5_1_model_4,0.45567190647125244,0.06599999964237213
8GZ5,8GZ5/fold_8gz5_2_model_0,fold_8gz5_2_model_0,0.8653197884559631,0.8519999980926514
8GZ5,8GZ5/fold_8gz5_2_model_1,fold_8gz5_2_model_1,0.8529980778694153,0.8640000224113464
8GZ5,8GZ5/fold_8gz5_2_model_2,fold_8gz5_2_model_2,0.8362047672271729,0.843999981880188
8GZ5,8GZ5/fold_8gz5_2_model_3,fold_8gz5_2_model_3,0.8484910130500793,0.8640000224113464
8GZ5,8GZ5/fold_8gz5_2_model_4,fold_8gz5_2_model_4,0.8859236240386963,0.8579999804496765
8GZ5,8GZ5/fold_8gz5_3_model_0,fold_8gz5_3_model_0,0.8479164838790894,0.8889999985694885
8GZ5,8GZ5/fold_8gz5_3_model_1,fold_8gz5_3_model_1,0.8879064321517944,0.8679999709129333
8GZ5,8GZ5/fold_8gz5_3_model_2,fold_8gz5_3_model_2,0.850275993347168,0.8309999704360962
8GZ5,8GZ5/fold_8gz5_3_model_3,fold_8gz5_3_model_3,0.8093425631523132,0.8600000143051147
8GZ5,8GZ5/fold_8gz5_3_model_4,fold_8gz5_3_model_4,0.8651472330093384,0.8730000257492065
8GZ5,8GZ5/fold_8gz5_4_model_0,fold_8gz5_4_model_0,0.6100894808769226,0.05700000002980232
8GZ5,8GZ5/fold_8gz5_4_model_1,fold_8gz5_4_model_1,0.6292044520378113,0.03799999877810478
8GZ5,8GZ5/fold_8gz5_4_model_2,fold_8gz5_4_model_2,0.24915681779384613,0.06499999761581421
8GZ5,8GZ5/fold_8gz5_4_model_3,fold_8gz5_4_model_3,0.03197412192821503,0.014000000432133675
8GZ5,8GZ5/fold_8gz5_4_model_4,fold_8gz5_4_model_4,0.4160882830619812,0.009999999776482582
8GZ5,8GZ5/fold_8gz5_5_model_0,fold_8gz5_5_model_0,0.8251191973686218,0.8799999952316284
8GZ5,8GZ5/fold_8gz5_5_model_1,fold_8gz5_5_model_1,0.8679265975952148,0.878000020980835
8GZ5,8GZ5/fold_8gz5_5_model_2,fold_8gz5_5_model_2,0.8283634185791016,0.8700000047683716
8GZ5,8GZ5/fold_8gz5_5_model_3,fold_8gz5_5_model_3,0.8561437726020813,0.8830000162124634
8GZ5,8GZ5/fold_8gz5_5_model_4,fold_8gz5_5_model_4,0.7777103185653687,0.8759999871253967
