epoch,step,train_mse,tuning_dockq_mae,tuning_hit_rate_023,tuning_rank_regret,tuning_rank_spearman,val_loss,val_pearson_corr,val_rank_regret,val_rank_spearman,val_spearman_corr
0,22,,0.36587947607040405,0.6724637746810913,0.16817094385623932,-0.18383538722991943,0.14769724011421204,-0.2672502100467682,0.17051255702972412,-0.1111111119389534,-0.22226135432720184
0,22,0.1426086574792862,,,,,,,,,
1,45,,0.3645855486392975,0.674879252910614,0.17690376937389374,-0.1843261867761612,0.1438213735818863,-0.3144225776195526,0.1962723582983017,-0.2777777910232544,-0.15521591901779175
1,45,0.1553255021572113,,,,,,,,,
2,68,,0.3638693392276764,0.6739130616188049,0.18540331721305847,-0.20937031507492065,0.14213357865810394,-0.2548677623271942,0.26353275775909424,-0.5,-0.10387410968542099
2,68,0.15375980734825134,,,,,,,,,
3,91,,0.3630514144897461,0.6729468703269958,0.18547293543815613,-0.23887673020362854,0.14097994565963745,-0.2125513255596161,0.26353275775909424,-0.5,-0.08023206144571304
3,91,0.14311939477920532,,,,,,,,,
4,114,,0.3626682162284851,0.6714975833892822,0.169977068901062,-0.17631828784942627,0.1417972296476364,-0.08892413228750229,0.26353275775909424,-0.5,-0.017521943897008896
4,114,0.13930024206638336,,,,,,,,,
5,137,,0.36272940039634705,0.6714975833892822,0.16814298927783966,-0.2057933509349823,0.14049294590950012,0.2075469046831131,0.2618269920349121,-0.5555555820465088,0.29215535521507263
5,137,0.14626909792423248,,,,,,,,,
6,160,,0.3618749678134918,0.6729468703269958,0.1534782201051712,-0.10891610383987427,0.14063045382499695,0.2735013961791992,0.2618269920349121,-0.5555555820465088,0.3750869929790497
6,160,0.15384599566459656,,,,,,,,,
7,183,,0.36048609018325806,0.6724637746810913,0.13601550459861755,-0.05400857329368591,0.13968363404273987,0.4079204797744751,0.23359356820583344,-0.5,0.46916893124580383
7,183,0.13894791901111603,,,,,,,,,
8,206,,0.3559045195579529,0.6729468703269958,0.11387813836336136,0.0917462408542633,0.13559021055698395,0.441753625869751,0.2359394133090973,-0.5,0.4942529797554016
8,206,0.14215321838855743,,,,,,,,,
9,229,,0.3332517147064209,0.6724637746810913,0.1205577477812767,0.08348727226257324,0.12401901930570602,0.4424762725830078,0.2317657321691513,-0.3333333432674408,0.48016834259033203
9,229,0.1396893709897995,,,,,,,,,
10,252,,0.2906682789325714,0.6719806790351868,0.10142333805561066,0.16059984266757965,0.12833109498023987,0.47456100583076477,0.2317657321691513,-0.3333333432674408,0.5024354457855225
10,252,0.11627419292926788,,,,,,,,,
11,275,,0.27314653992652893,0.6719806790351868,0.10116644203662872,0.1498613953590393,0.11115572601556778,0.47458523511886597,0.2317657321691513,-0.3333333432674408,0.5171069502830505
11,275,0.11650452017784119,,,,,,,,,
12,298,,0.2688821256160736,0.6724637746810913,0.09764952957630157,0.15175461769104004,0.10992520302534103,0.48342639207839966,0.2317657321691513,-0.3333333432674408,0.5212988257408142
12,298,0.11144115030765533,,,,,,,,,
13,321,,0.2587881088256836,0.6729468703269958,0.09791197627782822,0.14394819736480713,0.12139534205198288,0.48623502254486084,0.2317657321691513,-0.4444444477558136,0.5190184116363525
13,321,0.08490198850631714,,,,,,,,,
14,344,,0.2622501254081726,0.6734299659729004,0.09636753052473068,0.15350063145160675,0.12497302889823914,0.4405386447906494,0.2571546137332916,-0.5,0.5198232531547546
14,344,0.0834641233086586,,,,,,,,,
15,367,,0.28749990463256836,0.6734299659729004,0.09630956500768661,0.1522725522518158,0.1243719607591629,0.42444124817848206,0.2317657321691513,-0.4444444477558136,0.527301549911499
15,367,0.1059119701385498,,,,,,,,,
16,390,,0.26402392983436584,0.6739130616188049,0.09863673150539398,0.16435997188091278,0.12075230479240417,0.425392746925354,0.2571546137332916,-0.5,0.5226234197616577
16,390,0.08055911958217621,,,,,,,,,
17,413,,0.23987546563148499,0.6739130616188049,0.09931093454360962,0.1652459353208542,0.11046233028173447,0.4873230755329132,0.2571546137332916,-0.5,0.5244007706642151
17,413,0.08833860605955124,,,,,,,,,
18,436,,0.2498961091041565,0.6734299659729004,0.09464780986309052,0.15595123171806335,0.11392766982316971,0.4959500730037689,0.2571546137332916,-0.5,0.5252726674079895
18,436,0.10576426237821579,,,,,,,,,
19,459,,0.24465668201446533,0.6743961572647095,0.09820819646120071,0.1472313404083252,0.10630664974451065,0.5028320550918579,0.2571546137332916,-0.5,0.5247361063957214
19,459,0.0836186408996582,,,,,,,,,
20,482,,0.24361835420131683,0.6739130616188049,0.09941534698009491,0.12803331017494202,0.10870320349931717,0.5011553168296814,0.2571546137332916,-0.5,0.5390722751617432
20,482,0.09122344106435776,,,,,,,,,
21,505,,0.2610000669956207,0.6734299659729004,0.0988873839378357,0.1373325139284134,0.11770006269216537,0.4700908362865448,0.2571546137332916,-0.5,0.5408831238746643
21,505,0.09467262029647827,,,,,,,,,
22,528,,0.27257639169692993,0.6734299659729004,0.10318335890769958,0.12657874822616577,0.12107621878385544,0.47675734758377075,0.2571546137332916,-0.5,0.5437503457069397
22,528,0.10160285979509354,,,,,,,,,
23,551,,0.2576948404312134,0.6739130616188049,0.102634958922863,0.13766810297966003,0.10909409075975418,0.5010037422180176,0.2571546137332916,-0.5,0.5470870733261108
23,551,0.10150143504142761,,,,,,,,,
24,574,,0.23758307099342346,0.6739130616188049,0.10358783602714539,0.10064191371202469,0.11275621503591537,0.49912068247795105,0.2571546137332916,-0.5,0.5489147305488586
24,574,0.08095826953649521,,,,,,,,,
25,597,,0.2342059463262558,0.674879252910614,0.10403710603713989,0.10146815329790115,0.10225310176610947,0.5303076505661011,0.25480878353118896,-0.3888888955116272,0.5546324253082275
25,597,0.0757877305150032,,,,,,,,,
26,620,,0.2312738299369812,0.674879252910614,0.1040298342704773,0.10268279910087585,0.10337385535240173,0.5268751382827759,0.25480878353118896,-0.3888888955116272,0.5552863478660583
26,620,0.08388310670852661,,,,,,,,,
27,643,,0.23026663064956665,0.6758453845977783,0.1130397766828537,0.08478665351867676,0.10361980646848679,0.5273487567901611,0.2538536787033081,-0.1666666716337204,0.5552527904510498
27,643,0.07901046425104141,,,,,,,,,
28,666,,0.24762871861457825,0.6753623485565186,0.09986748546361923,0.12200473248958588,0.10343467444181442,0.5248700976371765,0.18659326434135437,0.0555555559694767,0.5604507327079773
28,666,0.08607140183448792,,,,,,,,,
29,689,,0.24414463341236115,0.674879252910614,0.1006295457482338,0.11347552388906479,0.10531097650527954,0.5137571692466736,0.18659326434135437,0.0555555559694767,0.5676103830337524
29,689,0.08331769704818726,,,,,,,,,
30,712,,0.22111362218856812,0.6758453845977783,0.107176274061203,0.0772823616862297,0.10554013401269913,0.5235117673873901,0.18659326434135437,0.0555555559694767,0.5649108290672302
30,712,0.08466264605522156,,,,,,,,,
31,735,,0.22924916446208954,0.6753623485565186,0.10375115275382996,0.08851916342973709,0.10280167311429977,0.5332764983177185,0.18659326434135437,0.0555555559694767,0.5658498406410217
31,735,0.09110082685947418,,,,,,,,,
32,758,,0.2539553940296173,0.6763284802436829,0.10206786543130875,0.09850624948740005,0.11155079305171967,0.49893200397491455,0.18659326434135437,0.0555555559694767,0.5717016458511353
32,758,0.08641407638788223,,,,,,,,,
33,781,,0.251283198595047,0.6763284802436829,0.10467655956745148,0.08013153821229935,0.10685607045888901,0.5188884735107422,0.18659326434135437,0.0555555559694767,0.5674594640731812
33,781,0.10080912709236145,,,,,,,,,
34,804,,0.22924473881721497,0.6768115758895874,0.10866115987300873,0.034221094101667404,0.10280605405569077,0.5456060767173767,0.0980844497680664,0.2777777910232544,0.572724461555481
34,804,0.07503125071525574,,,,,,,,,
35,827,,0.23195554316043854,0.6768115758895874,0.10617358237504959,0.04430584982037544,0.12015294283628464,0.5324558615684509,0.16534486413002014,0.0555555559694767,0.577519953250885
35,827,0.09325581043958664,,,,,,,,,
36,850,,0.22353744506835938,0.6768115758895874,0.10924384742975235,0.045841898769140244,0.10201108455657959,0.5425818562507629,0.0980844497680664,0.2777777910232544,0.5756754875183105
36,850,0.08189194649457932,,,,,,,,,
37,873,,0.2746080756187439,0.6763284802436829,0.10749931633472443,0.08200792223215103,0.11534784734249115,0.5085557103157043,0.0980844497680664,0.2777777910232544,0.5933818817138672
37,873,0.08953561633825302,,,,,,,,,
38,896,,0.23158451914787292,0.6772946715354919,0.11020124703645706,0.01629520207643509,0.10170403122901917,0.5586129426956177,0.2538536787033081,-0.1666666716337204,0.5826507806777954
38,896,0.0935031846165657,,,,,,,,,
39,919,,0.23763446509838104,0.6772946715354919,0.10673177242279053,0.055498670786619186,0.09868080914020538,0.5503929853439331,0.18659326434135437,0.0555555559694767,0.5765138864517212
39,919,0.09320604801177979,,,,,,,,,
40,942,,0.2181110680103302,0.6777777671813965,0.10677254945039749,0.045806992799043655,0.09885980933904648,0.5532469749450684,0.18659326434135437,0.0555555559694767,0.5785427689552307
40,942,0.07887645065784454,,,,,,,,,
41,965,,0.21087832748889923,0.6787439584732056,0.1066158339381218,0.0662483349442482,0.09980089217424393,0.5631428956985474,0.18659326434135437,0.0555555559694767,0.5833047032356262
41,965,0.07325281202793121,,,,,,,,,
42,988,,0.20924092829227448,0.6797101497650146,0.10616360604763031,0.06632515043020248,0.09717665612697601,0.568485677242279,0.18659326434135437,0.0555555559694767,0.5995020270347595
42,988,0.07093954086303711,,,,,,,,,
43,1011,,0.2275380790233612,0.6801932454109192,0.10616360604763031,0.06728961318731308,0.09837277233600616,0.5736374258995056,0.03174496442079544,0.3333333432674408,0.6043142676353455
43,1011,0.08871090412139893,,,,,,,,,
44,1034,,0.2226632684469223,0.6806763410568237,0.10369013249874115,0.10710079967975616,0.0990028902888298,0.5799142718315125,0.09900537878274918,0.1111111119389534,0.6038280129432678
44,1034,0.08186031132936478,,,,,,,,,
45,1057,,0.2134000062942505,0.6811594367027283,0.103810153901577,0.08897852897644043,0.09818089008331299,0.5788987874984741,0.03174496442079544,0.3888888955116272,0.6041465997695923
45,1057,0.0727715790271759,,,,,,,,,
46,1080,,0.20342865586280823,0.6816425323486328,0.10492154955863953,0.0723552331328392,0.09423915296792984,0.5835321545600891,0.03174496442079544,0.5,0.6052029132843018
46,1080,0.08935607224702835,,,,,,,,,
47,1103,,0.20094378292560577,0.6821256279945374,0.09054126590490341,0.08357730507850647,0.11210350692272186,0.5630025863647461,0.03174496442079544,0.5,0.6150621771812439
47,1103,0.06040193885564804,,,,,,,,,
48,1126,,0.20140531659126282,0.6830917596817017,0.08962289988994598,0.11293665319681168,0.09711862355470657,0.5792472958564758,0.02892453968524933,0.5555555820465088,0.6165209412574768
48,1126,0.08811905980110168,,,,,,,,,
49,1149,,0.2008347064256668,0.6835748553276062,0.09019295126199722,0.12286217510700226,0.09352780133485794,0.5878854990005493,0.03176907077431679,0.5,0.6140561103820801
49,1149,0.0679340809583664,,,,,,,,,
50,1172,,0.244772806763649,0.6830917596817017,0.08711400628089905,0.12793469429016113,0.10320770740509033,0.5673539042472839,0.02892453968524933,0.5,0.6015476584434509
50,1172,0.07920335233211517,,,,,,,,,
51,1195,,0.21046550571918488,0.6826087236404419,0.08983062952756882,0.13294807076454163,0.09523948282003403,0.5880080461502075,0.0345894955098629,0.4444444477558136,0.6225404143333435
51,1195,0.07477261126041412,,,,,,,,,
52,1218,,0.19570736587047577,0.6830917596817017,0.08982580155134201,0.13324551284313202,0.09118332713842392,0.6045323014259338,0.0345894955098629,0.4444444477558136,0.6227248907089233
52,1218,0.0762220025062561,,,,,,,,,
53,1241,,0.1889675259590149,0.6826087236404419,0.08866465091705322,0.12498900294303894,0.09735919535160065,0.5894778370857239,0.0345894955098629,0.4444444477558136,0.6195055246353149
53,1241,0.06954796612262726,,,,,,,,,
54,1264,,0.19294194877147675,0.6835748553276062,0.08624608814716339,0.14380180835723877,0.08789928257465363,0.6184195876121521,0.0345894955098629,0.4444444477558136,0.6207463145256042
54,1264,0.07222539186477661,,,,,,,,,
55,1287,,0.19600246846675873,0.6835748553276062,0.09385447204113007,0.10810911655426025,0.10447312891483307,0.589867115020752,0.0345894955098629,0.4444444477558136,0.6299348473548889
55,1287,0.06989330798387527,,,,,,,,,
56,1310,,0.20520442724227905,0.6840579509735107,0.09117062389850616,0.09761326760053635,0.09393808990716934,0.6117210984230042,0.0345894955098629,0.3888888955116272,0.6273526549339294
56,1310,0.06044555827975273,,,,,,,,,
57,1333,,0.19886283576488495,0.6845410466194153,0.09469810873270035,0.09907806664705276,0.08936746418476105,0.618600606918335,0.0345894955098629,0.3888888955116272,0.6328523755073547
57,1333,0.07322958111763,,,,,,,,,
58,1356,,0.18870899081230164,0.6840579509735107,0.09368506073951721,0.1005043089389801,0.09251280874013901,0.6151015758514404,0.0345894955098629,0.3888888955116272,0.6329697370529175
58,1356,0.061234600841999054,,,,,,,,,
59,1379,,0.20891384780406952,0.6850241422653198,0.0951816588640213,0.0921781063079834,0.1206023246049881,0.5674771666526794,0.0345894955098629,0.4444444477558136,0.6370442509651184
59,1379,0.06524477154016495,,,,,,,,,
60,1402,,0.19781146943569183,0.6840579509735107,0.09570170938968658,0.08850878477096558,0.08734574913978577,0.6225045919418335,0.0345894955098629,0.3888888955116272,0.6392408013343811
60,1402,0.07437759637832642,,,,,,,,,
61,1425,,0.2042526751756668,0.6840579509735107,0.09505099058151245,0.0880124419927597,0.09310553222894669,0.6237435936927795,0.0345894955098629,0.3888888955116272,0.6389222145080566
61,1425,0.07685309648513794,,,,,,,,,
62,1448,,0.19079472124576569,0.6840579509735107,0.09223851561546326,0.0994100347161293,0.08692020922899246,0.6265109777450562,0.0345894955098629,0.3888888955116272,0.6423091888427734
62,1448,0.06323694437742233,,,,,,,,,
63,1471,,0.19409100711345673,0.6845410466194153,0.0917409360408783,0.09036155790090561,0.08479545265436172,0.6348934769630432,0.0345894955098629,0.3888888955116272,0.6428290009498596
63,1471,0.07880455255508423,,,,,,,,,
64,1494,,0.20986010134220123,0.6855072379112244,0.09290561079978943,0.07013475149869919,0.09179750829935074,0.6219915747642517,0.0345894955098629,0.3888888955116272,0.6394084692001343
64,1494,0.06621329486370087,,,,,,,,,
65,1517,,0.1882386952638626,0.6859903335571289,0.0961168110370636,0.054931554943323135,0.08690650016069412,0.636268138885498,0.0345894955098629,0.3888888955116272,0.638435959815979
65,1517,0.07460127770900726,,,,,,,,,
66,1540,,0.19267506897449493,0.6864734292030334,0.09827233105897903,0.04476599395275116,0.08191947638988495,0.6493813395500183,0.0345894955098629,0.3888888955116272,0.6435499787330627
66,1540,0.07250421494245529,,,,,,,,,
67,1563,,0.18776434659957886,0.6864734292030334,0.09523171186447144,0.0357220433652401,0.08459674566984177,0.6503417491912842,0.0345894955098629,0.3888888955116272,0.6442710161209106
67,1563,0.07905372977256775,,,,,,,,,
68,1586,,0.18100053071975708,0.6859903335571289,0.09838071465492249,0.05282394960522652,0.08299187570810318,0.6481853127479553,0.0345894955098629,0.3888888955116272,0.6392910480499268
68,1586,0.05394372716546059,,,,,,,,,
69,1609,,0.21876899898052216,0.6835748553276062,0.10036484897136688,0.0276506245136261,0.09348997473716736,0.6238459348678589,0.0345894955098629,0.3888888955116272,0.6495192050933838
69,1609,0.09010085463523865,,,,,,,,,
70,1632,,0.23357993364334106,0.6840579509735107,0.09756248444318771,0.06706405431032181,0.09598872065544128,0.6239722371101379,0.0345894955098629,0.3888888955116272,0.6537278294563293
70,1632,0.09640644490718842,,,,,,,,,
71,1655,,0.19986417889595032,0.6850241422653198,0.09280310571193695,0.07161183655261993,0.08094041794538498,0.6514715552330017,0.0345894955098629,0.3888888955116272,0.6460148096084595
71,1655,0.0791584923863411,,,,,,,,,
72,1678,,0.20724454522132874,0.6855072379112244,0.09587688744068146,0.062199391424655914,0.08669956773519516,0.6299440264701843,0.0345894955098629,0.3888888955116272,0.6437344551086426
72,1678,0.07339703291654587,,,,,,,,,
73,1701,,0.18418720364570618,0.6855072379112244,0.09500418603420258,0.09195952862501144,0.0859062597155571,0.6370068788528442,0.0345894955098629,0.4444444477558136,0.6428457498550415
73,1701,0.05201888084411621,,,,,,,,,
74,1724,,0.1854134351015091,0.6845410466194153,0.10051985085010529,0.11015775799751282,0.09972473978996277,0.6128575801849365,0.0345894955098629,0.4444444477558136,0.6515145301818848
74,1724,0.055065397173166275,,,,,,,,,
75,1747,,0.18184882402420044,0.6850241422653198,0.0973702222108841,0.11087222397327423,0.09868704527616501,0.6155480742454529,0.0345894955098629,0.4444444477558136,0.646048367023468
75,1747,0.05575164780020714,,,,,,,,,
76,1770,,0.20115657150745392,0.6850241422653198,0.0988430604338646,0.09755650907754898,0.08813357353210449,0.6501065492630005,0.0345894955098629,0.3888888955116272,0.6526379585266113
76,1770,0.07613876461982727,,,,,,,,,
77,1793,,0.201795294880867,0.6850241422653198,0.09322749823331833,0.11722394078969955,0.08520013839006424,0.6480265259742737,0.0345894955098629,0.3888888955116272,0.6529229879379272
77,1793,0.0568464919924736,,,,,,,,,
78,1816,,0.18448521196842194,0.6855072379112244,0.09190114587545395,0.10059119760990143,0.09451837837696075,0.6261454820632935,0.0345894955098629,0.4444444477558136,0.6486976146697998
78,1816,0.05819644033908844,,,,,,,,,
79,1839,,0.21520249545574188,0.6850241422653198,0.09550490975379944,0.11189937591552734,0.12422210723161697,0.5771264433860779,0.0345894955098629,0.4444444477558136,0.6511623859405518
79,1839,0.061064861714839935,,,,,,,,,
80,1862,,0.19429375231266022,0.6859903335571289,0.09362635761499405,0.11069392412900925,0.08498330414295197,0.6475056409835815,0.0345894955098629,0.4444444477558136,0.6487143635749817
80,1862,0.07952971756458282,,,,,,,,,
81,1885,,0.18285450339317322,0.6855072379112244,0.08950137346982956,0.1212499812245369,0.0850416049361229,0.6454523205757141,0.0345894955098629,0.4444444477558136,0.6475406289100647
81,1885,0.056325655430555344,,,,,,,,,
82,1908,,0.18120922148227692,0.6859903335571289,0.09029784053564072,0.10049010813236237,0.08331815153360367,0.6594793200492859,0.0345894955098629,0.4444444477558136,0.6399450302124023
82,1908,0.05842170491814613,,,,,,,,,
83,1931,,0.1790020763874054,0.6859903335571289,0.09066542237997055,0.09283129870891571,0.0850100964307785,0.6469464302062988,0.0345894955098629,0.4444444477558136,0.6295827627182007
83,1931,0.07051399350166321,,,,,,,,,
84,1954,,0.19688081741333008,0.6855072379112244,0.09040727466344833,0.12279172241687775,0.08436878770589828,0.6549828052520752,0.0345894955098629,0.4444444477558136,0.6274532675743103
84,1954,0.07781722396612167,,,,,,,,,
85,1977,,0.1875779777765274,0.6859903335571289,0.09066664427518845,0.08395577222108841,0.08186161518096924,0.6619619131088257,0.0345894955098629,0.4444444477558136,0.6370945572853088
85,1977,0.0668991431593895,,,,,,,,,
86,2000,,0.184546560049057,0.6850241422653198,0.09297948330640793,0.09364817291498184,0.08004248887300491,0.6694105863571167,0.0345894955098629,0.4444444477558136,0.6552703976631165
86,2000,0.07183736562728882,,,,,,,,,
87,2023,,0.1782561093568802,0.6855072379112244,0.09284929931163788,0.09326372295618057,0.07645156979560852,0.6796050071716309,0.0345894955098629,0.4444444477558136,0.6531912684440613
87,2023,0.04889115318655968,,,,,,,,,
88,2046,,0.20474015176296234,0.6859903335571289,0.08567266911268234,0.13344734907150269,0.112730011343956,0.6162285804748535,0.0345894955098629,0.4444444477558136,0.6511791944503784
88,2046,0.07233807444572449,,,,,,,,,
89,2069,,0.1790495216846466,0.6855072379112244,0.08592676371335983,0.1228114441037178,0.07793259620666504,0.6735565662384033,0.0345894955098629,0.4444444477558136,0.6504246592521667
89,2069,0.06163053214550018,,,,,,,,,
90,2092,,0.1794111281633377,0.6855072379112244,0.08708442747592926,0.1122741624712944,0.08080136030912399,0.6661675572395325,0.0345894955098629,0.4444444477558136,0.6515648365020752
90,2092,0.058414239436388016,,,,,,,,,
91,2115,,0.17601753771305084,0.6859903335571289,0.08549297600984573,0.1129373162984848,0.07787176221609116,0.6729780435562134,0.0345894955098629,0.4444444477558136,0.6504246592521667
91,2115,0.06300080567598343,,,,,,,,,
92,2138,,0.18745696544647217,0.6855072379112244,0.08927824348211288,0.13179323077201843,0.08252457529306412,0.6670929789543152,0.0345894955098629,0.4444444477558136,0.6587916016578674
92,2138,0.05791895464062691,,,,,,,,,
93,2161,,0.17640094459056854,0.6864734292030334,0.08931192755699158,0.1443207710981369,0.08860361576080322,0.6558356881141663,0.0345894955098629,0.4444444477558136,0.6604180335998535
93,2161,0.05425441637635231,,,,,,,,,
94,2184,,0.2049635797739029,0.686956524848938,0.08604789525270462,0.17431020736694336,0.11231992393732071,0.6134793162345886,0.0345894955098629,0.4444444477558136,0.6545661687850952
94,2184,0.07050563395023346,,,,,,,,,
95,2207,,0.1928052455186844,0.6864734292030334,0.08761473000049591,0.144745334982872,0.07730291038751602,0.6765906810760498,0.0345894955098629,0.4444444477558136,0.6615079045295715
95,2207,0.07356200367212296,,,,,,,,,
96,2230,,0.19538195431232452,0.6859903335571289,0.08763933181762695,0.1236521303653717,0.08627098798751831,0.6697927117347717,0.0345894955098629,0.4444444477558136,0.6650793552398682
96,2230,0.051866743713617325,,,,,,,,,
97,2253,,0.20213687419891357,0.6859903335571289,0.0902085080742836,0.09402602910995483,0.08598682284355164,0.6607063412666321,0.0345894955098629,0.3888888955116272,0.667443573474884
97,2253,0.08564873784780502,,,,,,,,,
98,2276,,0.2142084389925003,0.6855072379112244,0.08459498733282089,0.11295865476131439,0.08757419884204865,0.6598889827728271,0.0345894955098629,0.3888888955116272,0.67978435754776
98,2276,0.08164709061384201,,,,,,,,,
99,2299,,0.20466922223567963,0.6859903335571289,0.08369461447000504,0.13289006054401398,0.08248686045408249,0.6701276898384094,0.0345894955098629,0.3888888955116272,0.683775007724762
99,2299,0.0709829032421112,,,,,,,,,
100,2322,,0.18282711505889893,0.686956524848938,0.08159324526786804,0.1534891277551651,0.0783262774348259,0.6804479956626892,0.0345894955098629,0.4444444477558136,0.6641571521759033
100,2322,0.06425376236438751,,,,,,,,,
101,2345,,0.2228887379169464,0.6874396204948425,0.09083148092031479,0.134828582406044,0.12666109204292297,0.5892682671546936,0.0345894955098629,0.4444444477558136,0.649955153465271
101,2345,0.04962463676929474,,,,,,,,,
102,2368,,0.17858833074569702,0.686956524848938,0.08578648418188095,0.1439794898033142,0.08169854432344437,0.667529284954071,0.0345894955098629,0.3888888955116272,0.6636205911636353
102,2368,0.05763765051960945,,,,,,,,,
103,2391,,0.18371988832950592,0.686956524848938,0.08622632920742035,0.13494640588760376,0.08429282903671265,0.6602011919021606,0.0345894955098629,0.3888888955116272,0.6663201451301575
103,2391,0.0643266886472702,,,,,,,,,
104,2414,,0.18445025384426117,0.6864734292030334,0.09302344918251038,0.1255032867193222,0.08484850078821182,0.6570740938186646,0.0345894955098629,0.3888888955116272,0.654750645160675
104,2414,0.07280085980892181,,,,,,,,,
105,2437,,0.17803484201431274,0.6855072379112244,0.08551465719938278,0.12387710809707642,0.07460422068834305,0.6884441375732422,0.0345894955098629,0.3888888955116272,0.6614911556243896
105,2437,0.05583535134792328,,,,,,,,,
106,2460,,0.16753382980823517,0.6859903335571289,0.08792552351951599,0.10473880171775818,0.07689718157052994,0.6866382360458374,0.0345894955098629,0.3888888955116272,0.6673932671546936
106,2460,0.05387939140200615,,,,,,,,,
107,2483,,0.18989960849285126,0.6859903335571289,0.0819782018661499,0.1508556604385376,0.08674315363168716,0.6554863452911377,0.0345894955098629,0.3888888955116272,0.6739325523376465
107,2483,0.06631500273942947,,,,,,,,,
108,2506,,0.19312579929828644,0.6850241422653198,0.08772517740726471,0.16184906661510468,0.0870058611035347,0.6636340618133545,0.0345894955098629,0.3888888955116272,0.6654985547065735
108,2506,0.0759023055434227,,,,,,,,,
109,2529,,0.20448699593544006,0.6855072379112244,0.08622276037931442,0.18095099925994873,0.09057553112506866,0.6578894257545471,0.0345894955098629,0.4444444477558136,0.6617593765258789
109,2529,0.06926748156547546,,,,,,,,,
110,2552,,0.21584554016590118,0.6859903335571289,0.07883238792419434,0.18916793167591095,0.08834018558263779,0.6494674682617188,0.0345894955098629,0.4444444477558136,0.6723396182060242
110,2552,0.07399831712245941,,,,,,,,,
111,2575,,0.17757254838943481,0.6855072379112244,0.08903679251670837,0.1830408275127411,0.07803135365247726,0.6735242605209351,0.0345894955098629,0.4444444477558136,0.651045024394989
111,2575,0.056538864970207214,,,,,,,,,
112,2598,,0.1755722314119339,0.6855072379112244,0.08336527645587921,0.1334161013364792,0.07841292768716812,0.6725839972496033,0.0345894955098629,0.4444444477558136,0.6572322249412537
112,2598,0.05986309051513672,,,,,,,,,
113,2621,,0.1672086864709854,0.6859903335571289,0.09020910412073135,0.1637076437473297,0.07926857471466064,0.6738483905792236,0.0345894955098629,0.4444444477558136,0.6469370126724243
113,2621,0.05609818547964096,,,,,,,,,
114,2644,,0.18941400945186615,0.6864734292030334,0.09135886281728745,0.16513536870479584,0.10735379904508591,0.6133105158805847,0.0345894955098629,0.4444444477558136,0.6484796404838562
114,2644,0.058396100997924805,,,,,,,,,
115,2667,,0.17443934082984924,0.6859903335571289,0.09130465984344482,0.15528012812137604,0.09057553857564926,0.6484165787696838,0.0345894955098629,0.4444444477558136,0.6504749655723572
115,2667,0.0596068799495697,,,,,,,,,
116,2690,,0.16856582462787628,0.6859903335571289,0.08986987918615341,0.14471715688705444,0.08172277361154556,0.6671597957611084,0.0345894955098629,0.3888888955116272,0.6504246592521667
116,2690,0.06696493178606033,,,,,,,,,
117,2713,,0.16873213648796082,0.6859903335571289,0.08778774738311768,0.17334263026714325,0.08256107568740845,0.6650407314300537,0.0345894955098629,0.4444444477558136,0.6500557661056519
117,2713,0.06025690957903862,,,,,,,,,
118,2736,,0.17159634828567505,0.686956524848938,0.0765148252248764,0.16099813580513,0.08037737756967545,0.6687425971031189,0.0345894955098629,0.3888888955116272,0.660468339920044
118,2736,0.053195659071207047,,,,,,,,,
119,2759,,0.1712644100189209,0.686956524848938,0.0826374888420105,0.18271705508232117,0.08230908960103989,0.6645137667655945,0.0345894955098629,0.4444444477558136,0.6483287215232849
119,2759,0.07355549931526184,,,,,,,,,
120,2782,,0.1768566071987152,0.686956524848938,0.07546725124120712,0.2012386918067932,0.08085739612579346,0.6583927273750305,0.0345894955098629,0.4444444477558136,0.6584227085113525
120,2782,0.06313776969909668,,,,,,,,,
121,2805,,0.18854264914989471,0.6855072379112244,0.07995782792568207,0.20770025253295898,0.09232650697231293,0.6521021723747253,0.0345894955098629,0.3888888955116272,0.673882246017456
121,2805,0.04702334105968475,,,,,,,,,
122,2828,,0.1859620064496994,0.6864734292030334,0.08297115564346313,0.14185066521167755,0.0873977318406105,0.6697270274162292,0.0345894955098629,0.3888888955116272,0.6770848035812378
122,2828,0.06322594732046127,,,,,,,,,
123,2851,,0.16662843525409698,0.6864734292030334,0.08976747840642929,0.14249177277088165,0.07729367911815643,0.6933892369270325,0.0345894955098629,0.4444444477558136,0.6767997741699219
123,2851,0.05802791565656662,,,,,,,,,
124,2874,,0.1830567866563797,0.6874396204948425,0.09731538593769073,0.14537598192691803,0.10197074711322784,0.6274899840354919,0.0345894955098629,0.4444444477558136,0.6650123000144958
124,2874,0.06420465558767319,,,,,,,,,
125,2897,,0.17607052624225616,0.6864734292030334,0.08487822860479355,0.18095946311950684,0.07610175013542175,0.6855178475379944,0.0345894955098629,0.4444444477558136,0.6711491346359253
125,2897,0.06684266030788422,,,,,,,,,
126,2920,,0.18880023062229156,0.686956524848938,0.0779530480504036,0.17920273542404175,0.08547832816839218,0.6711090207099915,0.0345894955098629,0.4444444477558136,0.6701095700263977
126,2920,0.05917058512568474,,,,,,,,,
127,2943,,0.17083494365215302,0.6864734292030334,0.08500383049249649,0.1618897169828415,0.07577157020568848,0.683924674987793,0.0345894955098629,0.4444444477558136,0.6665045619010925
127,2943,0.0793316587805748,,,,,,,,,
128,2966,,0.17470389604568481,0.686956524848938,0.07216731458902359,0.18063820898532867,0.0775369256734848,0.6780925393104553,0.0345894955098629,0.4444444477558136,0.6686004996299744
128,2966,0.049139998853206635,,,,,,,,,
129,2989,,0.172831192612648,0.686956524848938,0.08449175208806992,0.1811169534921646,0.07599540054798126,0.6842612028121948,0.0345894955098629,0.4444444477558136,0.6639559268951416
129,2989,0.06490542739629745,,,,,,,,,
130,3012,,0.17857451736927032,0.6864734292030334,0.07377117872238159,0.17101198434829712,0.07597749680280685,0.6800456643104553,0.0345894955098629,0.4444444477558136,0.6728258728981018
130,3012,0.07542228698730469,,,,,,,,,
131,3035,,0.1771281361579895,0.6864734292030334,0.08184850215911865,0.17108960449695587,0.07494237273931503,0.6851423978805542,0.0345894955098629,0.4444444477558136,0.6738486886024475
131,3035,0.06882669031620026,,,,,,,,,
132,3058,,0.17470742762088776,0.6864734292030334,0.0759677067399025,0.19071544706821442,0.07450363039970398,0.6884012818336487,0.0345894955098629,0.4444444477558136,0.6722055077552795
132,3058,0.05544773489236832,,,,,,,,,
133,3081,,0.17202146351337433,0.6864734292030334,0.08071649819612503,0.180742546916008,0.07529602944850922,0.6884530186653137,0.0345894955098629,0.4444444477558136,0.6752907037734985
133,3081,0.05754302069544792,,,,,,,,,
134,3104,,0.16811156272888184,0.6864734292030334,0.08755938708782196,0.18231387436389923,0.07489510625600815,0.6930353045463562,0.0345894955098629,0.4444444477558136,0.6673429608345032
134,3104,0.05441455915570259,,,,,,,,,
135,3127,,0.16885004937648773,0.6864734292030334,0.08493619412183762,0.18100634217262268,0.0736844465136528,0.6948015093803406,0.0345894955098629,0.4444444477558136,0.6740666627883911
135,3127,0.06125863268971443,,,,,,,,,
136,3150,,0.16836312413215637,0.6864734292030334,0.08478160947561264,0.21052168309688568,0.07372359931468964,0.6962004899978638,0.0345894955098629,0.4444444477558136,0.6694892048835754
136,3150,0.05173882469534874,,,,,,,,,
137,3173,,0.18624863028526306,0.686956524848938,0.07629477977752686,0.17899541556835175,0.0805744156241417,0.6855766177177429,0.0345894955098629,0.4444444477558136,0.6874135136604309
137,3173,0.05371524393558502,,,,,,,,,
138,3196,,0.1684989035129547,0.6864734292030334,0.07594355195760727,0.19039314985275269,0.07400226593017578,0.6945273280143738,0.0345894955098629,0.4444444477558136,0.6770848035812378
138,3196,0.06177232041954994,,,,,,,,,
139,3219,,0.16778956353664398,0.6864734292030334,0.0834910124540329,0.19986701011657715,0.07365543395280838,0.6964126229286194,0.0345894955098629,0.4444444477558136,0.6749721169471741
139,3219,0.05908753350377083,,,,,,,,,
140,3242,,0.17028389871120453,0.6864734292030334,0.07680467516183853,0.18973609805107117,0.07463598251342773,0.6984111666679382,0.0345894955098629,0.4444444477558136,0.6794657707214355
140,3242,0.05997508019208908,,,,,,,,,
141,3265,,0.16985908150672913,0.6864734292030334,0.07681311666965485,0.1898888200521469,0.07398255914449692,0.6966062188148499,0.0345894955098629,0.4444444477558136,0.6764811873435974
141,3265,0.06325977295637131,,,,,,,,,
142,3288,,0.168003648519516,0.6864734292030334,0.08124380558729172,0.19117192924022675,0.07345015555620193,0.6984676122665405,0.0345894955098629,0.4444444477558136,0.6690532565116882
142,3288,0.0570366308093071,,,,,,,,,
143,3311,,0.17035378515720367,0.6864734292030334,0.07549910992383957,0.19032666087150574,0.07327673584222794,0.6957201361656189,0.0345894955098629,0.4444444477558136,0.673429548740387
143,3311,0.052296508103609085,,,,,,,,,
144,3334,,0.177743062376976,0.686956524848938,0.07904621958732605,0.1699448674917221,0.07614398747682571,0.6930860877037048,0.0345894955098629,0.4444444477558136,0.6783591508865356
144,3334,0.04335056245326996,,,,,,,,,
145,3357,,0.1667700707912445,0.6864734292030334,0.0797068402171135,0.20011593401432037,0.07395092397928238,0.6958688497543335,0.0345894955098629,0.4444444477558136,0.6774704456329346
145,3357,0.050790395587682724,,,,,,,,,
146,3380,,0.16754622757434845,0.6864734292030334,0.0797068402171135,0.19966180622577667,0.07392146438360214,0.6976167559623718,0.0345894955098629,0.4444444477558136,0.6750727295875549
146,3380,0.0453161895275116,,,,,,,,,
147,3403,,0.16516461968421936,0.6864734292030334,0.08115128427743912,0.18083085119724274,0.07314527779817581,0.7002326250076294,0.0345894955098629,0.4444444477558136,0.6737983822822571
147,3403,0.04671493172645569,,,,,,,,,
148,3426,,0.16915160417556763,0.6864734292030334,0.07670805603265762,0.18033765256404877,0.07304942607879639,0.6986462473869324,0.0345894955098629,0.4444444477558136,0.6771854162216187
148,3426,0.06123567372560501,,,,,,,,,
149,3449,,0.1675150841474533,0.6864734292030334,0.0759725347161293,0.18093957006931305,0.07284684479236603,0.6990446448326111,0.0345894955098629,0.4444444477558136,0.6742008328437805
149,3449,0.049843888729810715,,,,,,,,,
150,3472,,0.16810226440429688,0.686956524848938,0.07671289145946503,0.170441135764122,0.07321172952651978,0.6990213394165039,0.0345894955098629,0.4444444477558136,0.6768165230751038
150,3472,0.05308828130364418,,,,,,,,,
151,3495,,0.165941521525383,0.6864734292030334,0.07592422515153885,0.20029839873313904,0.07274290174245834,0.7015193104743958,0.0345894955098629,0.4444444477558136,0.6766153573989868
151,3495,0.0641869306564331,,,,,,,,,
152,3518,,0.16975614428520203,0.6864734292030334,0.07780828326940536,0.1899249404668808,0.07191886007785797,0.7022396922111511,0.0345894955098629,0.4444444477558136,0.6753577589988708
152,3518,0.076543428003788,,,,,,,,,
153,3541,,0.16955550014972687,0.6859903335571289,0.07964476943016052,0.2005050629377365,0.07357800006866455,0.7032114863395691,0.0345894955098629,0.4444444477558136,0.6719539761543274
153,3541,0.05071817710995674,,,,,,,,,
154,3564,,0.17318692803382874,0.6864734292030334,0.07818631827831268,0.16996945440769196,0.07118719071149826,0.7041277885437012,0.0345894955098629,0.4444444477558136,0.6773698925971985
154,3564,0.062481168657541275,,,,,,,,,
155,3587,,0.17383135855197906,0.6864734292030334,0.07906071841716766,0.1698761135339737,0.07178392261266708,0.7035284042358398,0.0345894955098629,0.4444444477558136,0.6809916496276855
155,3587,0.047480419278144836,,,,,,,,,
156,3610,,0.17273947596549988,0.6864734292030334,0.07906554639339447,0.16006986796855927,0.07217120379209518,0.7046566009521484,0.0345894955098629,0.4444444477558136,0.6819138526916504
156,3610,0.058518294245004654,,,,,,,,,
157,3633,,0.16681818664073944,0.6864734292030334,0.07778896391391754,0.19905486702919006,0.07231204956769943,0.7032452821731567,0.0345894955098629,0.4444444477558136,0.6768500804901123
157,3633,0.05521899089217186,,,,,,,,,
158,3656,,0.16508722305297852,0.6864734292030334,0.07775997370481491,0.2088378220796585,0.07305458933115005,0.7005013823509216,0.0345894955098629,0.4444444477558136,0.6770848035812378
158,3656,0.05390695855021477,,,,,,,,,
159,3679,,0.16393046081066132,0.686956524848938,0.07546529173851013,0.208622545003891,0.07333261519670486,0.6995283365249634,0.0345894955098629,0.4444444477558136,0.6737145781517029
159,3679,0.057378653436899185,,,,,,,,,
160,3702,,0.16520310938358307,0.6864734292030334,0.08266409486532211,0.20949263870716095,0.07459042221307755,0.6975328326225281,0.0345894955098629,0.4444444477558136,0.6702939867973328
160,3702,0.07096929848194122,,,,,,,,,
161,3725,,0.1666473001241684,0.686956524848938,0.07711746543645859,0.22758829593658447,0.0741819217801094,0.6963178515434265,0.0345894955098629,0.4444444477558136,0.6776884198188782
161,3725,0.03614940866827965,,,,,,,,,
162,3748,,0.16434305906295776,0.6864734292030334,0.08277037739753723,0.19936947524547577,0.07442983984947205,0.6980236768722534,0.0345894955098629,0.4444444477558136,0.6709982752799988
162,3748,0.0523592084646225,,,,,,,,,
163,3771,,0.16572847962379456,0.686956524848938,0.07527205348014832,0.2277761846780777,0.07335361838340759,0.6988465189933777,0.0345894955098629,0.4444444477558136,0.6756260395050049
163,3771,0.045947447419166565,,,,,,,,,
164,3794,,0.16404873132705688,0.686956524848938,0.08135901391506195,0.1991393268108368,0.07317689061164856,0.700498640537262,0.0345894955098629,0.4444444477558136,0.6780070066452026
164,3794,0.06502805650234222,,,,,,,,,
165,3817,,0.17076928913593292,0.686956524848938,0.07771772146224976,0.20812611281871796,0.07411006093025208,0.6992664337158203,0.0345894955098629,0.4444444477558136,0.6805891990661621
165,3817,0.04984194412827492,,,,,,,,,
166,3840,,0.1642606258392334,0.686956524848938,0.07938799262046814,0.20873115956783295,0.07312624156475067,0.7001616954803467,0.0345894955098629,0.4444444477558136,0.6759949326515198
166,3840,0.05047246441245079,,,,,,,,,
167,3863,,0.16455408930778503,0.686956524848938,0.07919476181268692,0.2279740422964096,0.07330625504255295,0.6991220116615295,0.0345894955098629,0.4444444477558136,0.6774704456329346
167,3863,0.06564047932624817,,,,,,,,,
168,3886,,0.16510725021362305,0.686956524848938,0.07960940897464752,0.22801561653614044,0.07348652184009552,0.6992169618606567,0.0345894955098629,0.4444444477558136,0.6762799620628357
168,3886,0.0503070168197155,,,,,,,,,
169,3909,,0.16556216776371002,0.686956524848938,0.07542181015014648,0.20908617973327637,0.0728323832154274,0.7005573511123657,0.0345894955098629,0.4444444477558136,0.6751565933227539
169,3909,0.0488726831972599,,,,,,,,,
170,3932,,0.16574713587760925,0.686956524848938,0.07539282739162445,0.218781515955925,0.07308703660964966,0.7012786269187927,0.0345894955098629,0.4444444477558136,0.6762967705726624
170,3932,0.05336452275514603,,,,,,,,,
171,3955,,0.1689075231552124,0.686956524848938,0.07817543298006058,0.17953690886497498,0.07237287610769272,0.701208770275116,0.0345894955098629,0.4444444477558136,0.6764644384384155
171,3955,0.05457763373851776,,,,,,,,,
172,3978,,0.1684773564338684,0.686956524848938,0.07783243805170059,0.18000870943069458,0.072041817009449,0.7020975947380066,0.0345894955098629,0.4444444477558136,0.6758943200111389
172,3978,0.05802770331501961,,,,,,,,,
173,4001,,0.17788037657737732,0.686956524848938,0.07939047366380692,0.18866924941539764,0.07428742200136185,0.6995973587036133,0.0345894955098629,0.4444444477558136,0.6853511333465576
173,4001,0.06699836254119873,,,,,,,,,
174,4024,,0.16831715404987335,0.686956524848938,0.07778896391391754,0.19934821128845215,0.07211378961801529,0.7044257521629333,0.0345894955098629,0.4444444477558136,0.6770680546760559
174,4024,0.054205272346735,,,,,,,,,
175,4047,,0.1691199690103531,0.686956524848938,0.07903050631284714,0.1799168437719345,0.0716952234506607,0.7041105628013611,0.0345894955098629,0.4444444477558136,0.6790130734443665
175,4047,0.053321778774261475,,,,,,,,,
176,4070,,0.16821223497390747,0.686956524848938,0.07775997370481491,0.20897822082042694,0.07159914821386337,0.7045713663101196,0.0345894955098629,0.4444444477558136,0.6809245347976685
176,4070,0.047440797090530396,,,,,,,,,
177,4093,,0.16799621284008026,0.686956524848938,0.07775997370481491,0.20893359184265137,0.07154932618141174,0.7047221660614014,0.0345894955098629,0.4444444477558136,0.6804885864257812
177,4093,0.057087741792201996,,,,,,,,,
178,4116,,0.16860780119895935,0.686956524848938,0.07903050631284714,0.17982535064220428,0.07166824489831924,0.7043249011039734,0.0345894955098629,0.4444444477558136,0.6806562542915344
178,4116,0.0475732795894146,,,,,,,,,
179,4139,,0.16763119399547577,0.686956524848938,0.07775997370481491,0.208891361951828,0.0716228038072586,0.7045876383781433,0.0345894955098629,0.4444444477558136,0.6804885864257812
179,4139,0.05813301354646683,,,,,,,,,
180,4162,,0.16668836772441864,0.686956524848938,0.07775997370481491,0.20885643362998962,0.07179134339094162,0.7049212455749512,0.0345894955098629,0.4444444477558136,0.6818802952766418
180,4162,0.03489508107304573,,,,,,,,,
181,4185,,0.1665312796831131,0.686956524848938,0.07775997370481491,0.2089390605688095,0.07172838598489761,0.7050623893737793,0.0345894955098629,0.4444444477558136,0.6811760663986206
181,4185,0.05621940642595291,,,,,,,,,
182,4208,,0.16647784411907196,0.686956524848938,0.07775997370481491,0.208835631608963,0.07171916216611862,0.7050652503967285,0.0345894955098629,0.4444444477558136,0.6801196932792664
182,4208,0.056050337851047516,,,,,,,,,
183,4231,,0.16767102479934692,0.686956524848938,0.07777930051088333,0.20872998237609863,0.07174267619848251,0.7045519948005676,0.0345894955098629,0.4444444477558136,0.6791807413101196
183,4231,0.04977458715438843,,,,,,,,,
184,4254,,0.16687165200710297,0.686956524848938,0.07862954586744308,0.20884287357330322,0.07180563360452652,0.7050148844718933,0.0345894955098629,0.4444444477558136,0.6812934279441833
184,4254,0.040488388389348984,,,,,,,,,
185,4277,,0.1654227077960968,0.686956524848938,0.07762470841407776,0.22819246351718903,0.07184675335884094,0.7053358554840088,0.0345894955098629,0.4444444477558136,0.678778350353241
185,4277,0.053191352635622025,,,,,,,,,
186,4300,,0.16552531719207764,0.6874396204948425,0.08535417914390564,0.18971753120422363,0.0719810351729393,0.7055888772010803,0.0345894955098629,0.4444444477558136,0.6759781837463379
186,4300,0.05965264514088631,,,,,,,,,
187,4323,,0.16554079949855804,0.6864734292030334,0.08544113487005234,0.18047821521759033,0.07303693890571594,0.7042487263679504,0.0345894955098629,0.4444444477558136,0.6783424019813538
187,4323,0.04130079969763756,,,,,,,,,
188,4346,,0.16554942727088928,0.686956524848938,0.08379862457513809,0.18943259119987488,0.07174482196569443,0.7058260440826416,0.0345894955098629,0.4444444477558136,0.6773027777671814
188,4346,0.05199500173330307,,,,,,,,,
189,4369,,0.16898152232170105,0.686956524848938,0.0790015235543251,0.18922582268714905,0.07230550795793533,0.7045562863349915,0.0345894955098629,0.4444444477558136,0.6809916496276855
189,4369,0.052904024720191956,,,,,,,,,
190,4392,,0.1672377735376358,0.686956524848938,0.0777551457285881,0.21823738515377045,0.07181938737630844,0.7050430178642273,0.0345894955098629,0.4444444477558136,0.6806562542915344
190,4392,0.04848477616906166,,,,,,,,,
191,4415,,0.16557535529136658,0.6874396204948425,0.08200152218341827,0.20909403264522552,0.07188224047422409,0.7059153318405151,0.0345894955098629,0.4444444477558136,0.6768165230751038
191,4415,0.047705791890621185,,,,,,,,,
192,4438,,0.16537269949913025,0.6874396204948425,0.08200152218341827,0.2090470790863037,0.0718008279800415,0.7059841752052307,0.0345894955098629,0.4444444477558136,0.677252471446991
192,4438,0.044248949736356735,,,,,,,,,
193,4461,,0.16532620787620544,0.6874396204948425,0.08200152218341827,0.20901748538017273,0.0717340037226677,0.7060810327529907,0.0345894955098629,0.4444444477558136,0.6785938739776611
193,4461,0.05014564469456673,,,,,,,,,
194,4484,,0.16655811667442322,0.686956524848938,0.0777551457285881,0.21850892901420593,0.07186990976333618,0.7048772573471069,0.0345894955098629,0.4444444477558136,0.6813269853591919
194,4484,0.05353996157646179,,,,,,,,,
195,4507,,0.16598603129386902,0.686956524848938,0.07775997370481491,0.20882181823253632,0.07179377228021622,0.7049425840377808,0.0345894955098629,0.4444444477558136,0.6805557012557983
195,4507,0.04379576817154884,,,,,,,,,
196,4530,,0.16589653491973877,0.686956524848938,0.07775997370481491,0.20886026322841644,0.07164787501096725,0.7056505084037781,0.0345894955098629,0.4444444477558136,0.6815617084503174
196,4530,0.0526949018239975,,,,,,,,,
197,4553,,0.16588714718818665,0.686956524848938,0.07775997370481491,0.20882245898246765,0.07165614515542984,0.7056482434272766,0.0345894955098629,0.4444444477558136,0.6819641590118408
197,4553,0.056652117520570755,,,,,,,,,
198,4576,,0.16598975658416748,0.686956524848938,0.07775997370481491,0.20882245898246765,0.07162632793188095,0.705668568611145,0.0345894955098629,0.4444444477558136,0.6815617084503174
198,4576,0.04167900234460831,,,,,,,,,
199,4599,,0.16585049033164978,0.686956524848938,0.07775997370481491,0.20882245898246765,0.0716538280248642,0.7056624889373779,0.0345894955098629,0.4444444477558136,0.6819976568222046
199,4599,0.047346074134111404,,,,,,,,,
200,4622,,0.16586150228977203,0.686956524848938,0.07775997370481491,0.20880144834518433,0.07165197283029556,0.705680787563324,0.0345894955098629,0.4444444477558136,0.6819976568222046
200,4622,0.07543636113405228,,,,,,,,,
201,4645,,0.16576744616031647,0.6874396204948425,0.07762470841407776,0.2282164841890335,0.07167109847068787,0.7058548331260681,0.0345894955098629,0.4444444477558136,0.6794993281364441
201,4645,0.05417085066437721,,,,,,,,,
202,4668,,0.16586261987686157,0.6874396204948425,0.07767785340547562,0.21855464577674866,0.07165499776601791,0.705818772315979,0.0345894955098629,0.4444444477558136,0.6794657707214355
202,4668,0.06779030710458755,,,,,,,,,
203,4691,,0.16597530245780945,0.686956524848938,0.07775997370481491,0.20878855884075165,0.07163816690444946,0.7056609988212585,0.0345894955098629,0.4444444477558136,0.6819976568222046
203,4691,0.034991756081581116,,,,,,,,,
204,4714,,0.1660694032907486,0.686956524848938,0.07775997370481491,0.20884427428245544,0.07160931080579758,0.7056605815887451,0.0345894955098629,0.4444444477558136,0.6822659373283386
204,4714,0.051318105310201645,,,,,,,,,
205,4737,,0.16605189442634583,0.686956524848938,0.07775997370481491,0.20884427428245544,0.07159560918807983,0.7057368159294128,0.0345894955098629,0.4444444477558136,0.6820312142372131
205,4737,0.05677686259150505,,,,,,,,,
206,4760,,0.16590778529644012,0.686956524848938,0.07775997370481491,0.20881037414073944,0.0716094970703125,0.7058205008506775,0.0345894955098629,0.4444444477558136,0.6819976568222046
206,4760,0.06023923307657242,,,,,,,,,
207,4783,,0.16596633195877075,0.686956524848938,0.07775997370481491,0.20883138477802277,0.07158517837524414,0.7058342099189758,0.0345894955098629,0.4444444477558136,0.6820312142372131
207,4783,0.0485415905714035,,,,,,,,,
208,4806,,0.16591477394104004,0.686956524848938,0.07775997370481491,0.20881368219852448,0.07157693058252335,0.7059267163276672,0.0345894955098629,0.4444444477558136,0.6824504137039185
208,4806,0.05520772188901901,,,,,,,,,
209,4829,,0.16588865220546722,0.6874396204948425,0.07775997370481491,0.2088555097579956,0.07158592343330383,0.7059460282325745,0.0345894955098629,0.4444444477558136,0.6828863620758057
209,4829,0.055878233164548874,,,,,,,,,
210,4852,,0.16598130762577057,0.686956524848938,0.07775997370481491,0.20881368219852448,0.07155904173851013,0.7059445381164551,0.0345894955098629,0.4444444477558136,0.682685136795044
210,4852,0.04062100872397423,,,,,,,,,
211,4875,,0.16593648493289948,0.686956524848938,0.07775997370481491,0.20887218415737152,0.07156246155500412,0.7059537172317505,0.0345894955098629,0.4444444477558136,0.6824504137039185
211,4875,0.04081820324063301,,,,,,,,,
212,4898,,0.16584628820419312,0.6874396204948425,0.07775997370481491,0.20882530510425568,0.07157004624605179,0.7061033248901367,0.0345894955098629,0.4444444477558136,0.6835234761238098
212,4898,0.0659264624118805,,,,,,,,,
213,4921,,0.16581150889396667,0.6874396204948425,0.07762470841407776,0.22825580835342407,0.07156785577535629,0.7063356041908264,0.0345894955098629,0.4444444477558136,0.6794657707214355
213,4921,0.05999750643968582,,,,,,,,,
214,4944,,0.16585390269756317,0.6874396204948425,0.07767785340547562,0.2185528725385666,0.07153906673192978,0.7062584161758423,0.0345894955098629,0.4444444477558136,0.6834229230880737
214,4944,0.042756326496601105,,,,,,,,,
215,4967,,0.16597168147563934,0.686956524848938,0.07775997370481491,0.20881368219852448,0.07151234894990921,0.7061847448348999,0.0345894955098629,0.4444444477558136,0.6824504137039185
215,4967,0.05099762976169586,,,,,,,,,
216,4990,,0.16606460511684418,0.6874396204948425,0.07775997370481491,0.20885881781578064,0.0714961513876915,0.7062005400657654,0.0345894955098629,0.4444444477558136,0.6825509667396545
216,4990,0.06409192830324173,,,,,,,,,
217,5013,,0.16624154150485992,0.686956524848938,0.07775997370481491,0.20881368219852448,0.07146020978689194,0.7062209844589233,0.0345894955098629,0.4444444477558136,0.6832551956176758
217,5013,0.06565951555967331,,,,,,,,,
218,5036,,0.1662566214799881,0.686956524848938,0.07775997370481491,0.20881368219852448,0.07145743817090988,0.706217885017395,0.0345894955098629,0.4444444477558136,0.682131826877594
218,5036,0.04626287892460823,,,,,,,,,
219,5059,,0.16628378629684448,0.686956524848938,0.07775997370481491,0.20881368219852448,0.07145393639802933,0.7062102556228638,0.0345894955098629,0.4444444477558136,0.682131826877594
219,5059,0.057980991899967194,,,,,,,,,
220,5082,,0.16633757948875427,0.686956524848938,0.07775997370481491,0.20887218415737152,0.07145204395055771,0.7061811685562134,0.0345894955098629,0.4444444477558136,0.682131826877594
220,5082,0.050263773649930954,,,,,,,,,
221,5105,,0.16634014248847961,0.686956524848938,0.07775997370481491,0.20888499915599823,0.07145203649997711,0.706183135509491,0.0345894955098629,0.4444444477558136,0.6811257600784302
221,5105,0.04589492827653885,,,,,,,,,
222,5128,,0.1663600504398346,0.686956524848938,0.07775997370481491,0.20897427201271057,0.0714566707611084,0.7061588168144226,0.0345894955098629,0.4444444477558136,0.6807568669319153
222,5128,0.03862931579351425,,,,,,,,,
223,5151,,0.1663776934146881,0.686956524848938,0.07775997370481491,0.20900671184062958,0.07146245986223221,0.7061291933059692,0.0345894955098629,0.4444444477558136,0.6806562542915344
223,5151,0.057199183851480484,,,,,,,,,
224,5174,,0.1663537621498108,0.686956524848938,0.07775997370481491,0.20897427201271057,0.0714547410607338,0.7061700224876404,0.0345894955098629,0.4444444477558136,0.6811257600784302
224,5174,0.059678979218006134,,,,,,,,,
225,5197,,0.1663762331008911,0.686956524848938,0.07775997370481491,0.20897427201271057,0.07145176082849503,0.7061697244644165,0.0345894955098629,0.4444444477558136,0.6807568669319153
225,5197,0.059590037912130356,,,,,,,,,
226,5220,,0.16642262041568756,0.686956524848938,0.07775997370481491,0.2090565711259842,0.07145655900239944,0.7061251401901245,0.0345894955098629,0.4444444477558136,0.6806562542915344
226,5220,0.06813409179449081,,,,,,,,,
227,5243,,0.16644899547100067,0.686956524848938,0.07775997370481491,0.20905496180057526,0.0714583694934845,0.7061043977737427,0.0345894955098629,0.4444444477558136,0.6806562542915344
227,5243,0.0538979209959507,,,,,,,,,
228,5266,,0.16646230220794678,0.686956524848938,0.07775997370481491,0.20905496180057526,0.0714581310749054,0.7060959339141846,0.0345894955098629,0.4444444477558136,0.6805557012557983
228,5266,0.046691134572029114,,,,,,,,,
229,5289,,0.16647304594516754,0.686956524848938,0.07775997370481491,0.20905496180057526,0.07145915925502777,0.7060871124267578,0.0345894955098629,0.4444444477558136,0.6805557012557983
229,5289,0.04664839431643486,,,,,,,,,
230,5312,,0.16645236313343048,0.686956524848938,0.07775997370481491,0.20905496180057526,0.07145708799362183,0.7061022520065308,0.0345894955098629,0.4444444477558136,0.6805557012557983
230,5312,0.05504000559449196,,,,,,,,,
231,5335,,0.16642625629901886,0.686956524848938,0.07775997370481491,0.2090187519788742,0.07145070284605026,0.7061383724212646,0.0345894955098629,0.4444444477558136,0.6806562542915344
231,5335,0.05238630995154381,,,,,,,,,
232,5358,,0.1663619428873062,0.686956524848938,0.07775997370481491,0.2089938223361969,0.07144372910261154,0.7061987519264221,0.0345894955098629,0.4444444477558136,0.6807568669319153
232,5358,0.05085589364171028,,,,,,,,,
233,5381,,0.16642743349075317,0.686956524848938,0.07775997370481491,0.20904366672039032,0.07144675403833389,0.7061587572097778,0.0345894955098629,0.4444444477558136,0.6806562542915344
233,5381,0.0627581998705864,,,,,,,,,
234,5404,,0.1664804220199585,0.686956524848938,0.07775997370481491,0.20902840793132782,0.07145564258098602,0.7061098217964172,0.0345894955098629,0.4444444477558136,0.6805557012557983
234,5404,0.05432590842247009,,,,,,,,,
235,5405,,0.17318692803382874,0.6864734292030334,0.07818631827831268,0.16996945440769196,0.07118719071149826,0.7041277885437012,0.0345894955098629,0.4444444477558136,0.6773698925971985
235,5405,,0.3647512197494507,0.6772946715354919,0.12342802435159683,0.07244265079498291,0.14509813487529755,0.45184504985809326,0.25669822096824646,-0.2777777910232544,0.5157320499420166
