MODEL,dockq,capri
1ewy_45,0.0628412751801489,
1xd3_82,0.0090731975699088,
1p7q_58,0.0320608472262446,
2btf_33,0.0083961199531416,
1g20_57,0.0034021123303108,
2kai_28,0.0125771258525271,
1he1_71,0.0101168584086807,
1tx6_75,0.0606011414337525,
2btf_34,0.0646632717216434,
1ma9_47,0.0064841485270034,
1nbf_63,0.1653035064344974,
3pro_25,0.0801642137235005,
1ook_34,0.0219971402694755,
1ma9_30,0.0223019582896445,
1a2k_34,0.0065610595471498,
1nbf_85,0.1790187697577538,
1oph_95,0.0066575545897484,
1ma9_15,0.0083125603168485,
2bnq_53,0.0029762048138803,
3pro_31,0.032640015845759,
1zy8_41,0.0507625380694993,
2kai_47,0.0122203926769486,
1zy8_63,0.0062824855815255,
1g20_17,0.0122246438569598,
1tx6_88,0.0110137536397703,
1ewy_36,0.0239891833395889,
1zy8_29,0.1187972747505949,
2kai_67,0.0936584701314624,
1p7q_79,0.007423002597114,
1he1_57,0.0113482559470606,
2btf_41,0.0084186895293406,
1dfj_27,0.0121956289243011,
3pro_73,0.0856750343059607,
1tx6_95,0.0558830992107452,
1wq1_90,0.0150848400924712,
2kai_43,0.0980659795232223,
1ku6_48,0.0148155139969208,
1he1_35,0.0508306027639365,
1ma9_29,0.0056344976452714,
2fi4_69,0.0758062763554012,
1he1_16,0.0104604774526104,
1zy8_84,0.00520588946699,
1yvb_56,0.014354055903031,
1uex_85,0.0091858438241473,
2ckh_90,0.0109963154025035,
3pro_14,0.0158992107015916,
1ppf_87,0.1218515141396629,
1ku6_37,0.0152012703888912,
1ewy_37,0.0176748052508924,
1cho_15,0.0669068121527445,
1bth_7,0.0104509564567797,
1bth_45,0.0109459018524593,
1he1_5,0.0484293590085837,
1gpw_94,0.0658113229429698,
2ckh_22,0.0206737624657306,
1zy8_51,0.0539702593623319,
1ku6_43,0.0120874095353399,
1yvb_37,0.0510258329628998,
1ook_93,0.013299331724665,
1oph_57,0.006948367449342,
1ma9_32,0.0067259416511295,
1xd3_21,0.0150589528662204,
1r4m_69,0.0393966489357719,
1wq1_1,0.01000428514893,
2bnq_81,0.0039176251441767,
1he1_95,0.0109813761874632,
1tx6_39,0.0201606841318398,
1bth_61,0.0294595274685458,
2bnq_92,0.004056005852063,
1dfj_100,0.0129580261178545,
1hxy_98,0.0077492147675079,
1hxy_7,0.0086795237435337,
2btf_11,0.0085998840120479,
1g20_1,0.0032662731170198,
2kai_95,0.0279524470949851,
1ook_79,0.0045496778113322,
1ma9_2,0.0979862559257233,
1oph_3,0.0061372768335795,
1r4m_87,0.1215136562792267,
2kai_87,0.0127381799978454,
1he1_23,0.068838468208533,
1he1_24,0.0118976976638433,
3pro_58,0.033336996293655,
3pro_89,0.0723292458612494,
1ewy_31,0.0104743311586667,
2btf_52,0.0075143340339912,
1ewy_39,0.1229051537640611,
1xd3_61,0.0090744994287858,
1ewy_42,0.0831184048838803,
1he1_92,0.0158995808425483,
2ckh_82,0.1402477094352268,
1nbf_19,0.1530766655987657,
1g20_60,0.0037678372823113,
1g20_21,0.0035781714521702,
3pro_2,0.0284245731634715,
1cho_91,0.086073733260684,
1r4m_90,0.0510957867043992,
1g20_3,0.0031596710313615,
1a2k_15,0.0084661156843669,
1a2k_3,0.0063340980924557,
1r4m_35,0.0715819032041315,
2ckh_86,0.0256295744682242,
1ewy_89,0.1113228881635707,
1bth_99,0.0869793103693155,
1dfj_94,0.0524722393016265,
1bth_53,0.1264058347089662,
2bnq_41,0.0037053085416865,
1r4m_76,0.0105241604212068,
1uex_33,0.1305060219558733,
1cho_88,0.0632784969148529,
1yvb_15,0.0167892066963905,
2kai_23,0.0187927790374048,
1tx6_86,0.0138400877723466,
1cho_102,0.0715749641202683,
1p7q_76,0.2183193777571102,
3pro_77,0.0740652764882707,
1ku6_61,0.0121952222921241,
1tx6_70,0.0201624716296031,
1yvb_40,0.0247548459680543,
1g20_95,0.0028261703855774,
1he1_54,0.0728059572205137,
1xd3_58,0.0148082934029031,
1ku6_33,0.0128268385203811,
1bth_83,0.0112311399622324,
1r4m_44,0.0663105738900538,
3pro_5,0.1041138572492042,
1oph_26,0.0084074318893094,
1cho_55,0.0143099592345775,
1dfj_1,0.1362159831315273,
1ma9_58,0.0065661551346083,
1xd3_46,0.021493192417705,
1wq1_100,0.0409908773333017,
1cho_89,0.0163163095447568,
1hxy_21,0.0062539135463517,
2bnq_18,0.0044698889601292,
1zy8_40,0.0256231706792822,
1a2k_58,0.0089670631054461,
1ook_92,0.0173404658146368,
1nbf_42,0.1892325600993657,
1r4m_8,0.0488358217606855,
1ku6_31,0.0160565975473452,
2fi4_23,0.0124010021602666,
1bth_97,0.0164169623447996,
1cho_53,0.0128756282789648,
2btf_9,0.010954333676241,
1gpw_103,0.0070736946424412,
1bth_93,0.0243033614918854,
1xd3_90,0.044260679100023,
1ku6_67,0.0094470449339691,
1tx6_74,0.0110792773825884,
1cho_99,0.0170202208426758,
2fi4_31,0.090240293589111,
1oph_89,0.005245746028422,
1ma9_97,0.1148523151495276,
1cho_45,0.2008354520722699,
2ckh_10,0.0138811739009917,
3pro_91,0.0325636947620538,
2ckh_4,0.010706099252679,
2bnq_33,0.0042933983169477,
2bnq_22,0.0040606815954803,
2kai_10,0.0631142992334589,
1ppf_20,0.1082897585087622,
1ppf_50,0.0989958867380621,
1ku6_45,0.0130220971336264,
1p7q_97,0.0166081350372411,
1ma9_60,0.0070397146001303,
1oph_44,0.007103168247644,
1dfj_73,0.0324397840973443,
1wq1_16,0.0510119964598136,
2ckh_71,0.0547554572436317,
1dfj_47,0.0249538989144274,
1dfj_71,0.0119296111903221,
3pro_19,0.0639189729664167,
2fi4_50,0.0124990441079828,
1yvb_85,0.0206124088518087,
1ook_21,0.0132277870181463,
1hxy_56,0.0085188091551142,
2ckh_23,0.0138708529457724,
1r4m_68,0.0989083026300254,
1p7q_86,0.0179474649230203,
1r4m_98,0.0406690008586568,
1ook_37,0.0137316261699193,
3pro_85,0.1050604372498167,
1a2k_25,0.0058880007698235,
1p7q_64,0.0058955076682539,
1p7q_99,0.0114157652609887,
1cho_87,0.0826510367384379,
1ook_2,0.0135871532063392,
1a2k_92,0.0095924716317378,
1oph_54,0.0066597298051303,
3pro_82,0.1497908683115662,
2fi4_73,0.0159343896854991,
1wq1_55,0.1171588769671751,
2fi4_64,0.0125838444777252,
2kai_46,0.0168257847839636,
1tx6_33,0.0194237818394068,
2ckh_72,0.1338010457755236,
1dfj_41,0.0090520033915363,
1oph_62,0.0088909095872506,
2bnq_54,0.0062839033555622,
1a2k_36,0.0200946469277113,
1oph_13,0.0285389482277543,
2bnq_88,0.0050800385371825,
1yvb_29,0.014378052310383,
1dfj_45,0.0713865277956588,
1ku6_32,0.0263485079413574,
1yvb_1,0.0130449796218781,
1ppf_41,0.018427708545666,
1zy8_72,0.0897011781964162,
1wq1_26,0.006152430070614,
2kai_99,0.0126951971004477,
1zy8_71,0.056470267598764,
2bnq_43,0.004117724337348,
1gpw_31,0.0398756201270261,
1nbf_96,0.2016172586556634,
1a2k_83,0.0128137251458446,
3pro_83,0.0725886474787263,
1nbf_77,0.0214688241806854,
1ook_35,0.0078686899709049,
1xd3_50,0.0154136867102258,
1oph_92,0.0073117193560972,
2btf_85,0.0087632219765596,
1xd3_29,0.0407311929589029,
1ewy_6,0.0532124351911286,
1ma9_55,0.0339786262169179,
1uex_83,0.0060805660594316,
1bth_20,0.0115719332791444,
1cho_3,0.0892532149729664,
1zy8_88,0.0284399504206075,
2bnq_63,0.004095235058695,
1ewy_14,0.1102800350188608,
3pro_55,0.0176746215928063,
1oph_50,0.0203029484516591,
2btf_27,0.0080076065431664,
1ma9_93,0.0241649579319896,
1g20_16,0.0034419499318226,
2ckh_65,0.1255304975308583,
1xd3_73,0.0329392560762997,
1yvb_50,0.0148615377294841,
1yvb_96,0.0178787511702368,
1he1_68,0.0109678590878672,
1hxy_87,0.0074727023281855,
1nbf_6,0.0096992599095135,
1ewy_86,0.0543129183926953,
1bth_84,0.0216952046409668,
2bnq_60,0.003928343136285,
1wq1_31,0.0164699912514488,
1p7q_69,0.0059038816381698,
1ppf_72,0.0150782819645545,
1ppf_71,0.015780054620583,
1bth_40,0.0104429084757377,
1xd3_92,0.012808364359782,
2ckh_3,0.0217068315397901,
1ppf_16,0.027305108696045,
1bth_25,0.0113311641332977,
1wq1_23,0.0098700106794461,
1g20_82,0.0053245822439502,
1ma9_85,0.007150719716506,
3pro_45,0.0158356701088654,
1wq1_35,0.0295544071003755,
1r4m_72,0.0855991815172837,
2kai_38,0.0127072959949535,
2kai_5,0.0123603341874856,
1ewy_26,0.0589179091543345,
2btf_23,0.0082881899804454,
1uex_41,0.0382496553072283,
1a2k_77,0.0092585079907782,
1ma9_56,0.0067649381512622,
1ppf_77,0.1162878077187297,
1r4m_51,0.0899175913982829,
1ma9_63,0.0263569538030514,
1he1_43,0.0233950914712693,
1tx6_67,0.0202079843210207,
1tx6_27,0.0107425346080161,
1yvb_26,0.0494755468997418,
1ook_53,0.0117549628544275,
1zy8_62,0.0186458135441823,
1nbf_43,0.0096788133831544,
1nbf_7,0.1787622551815663,
1gpw_22,0.0087941710192511,
1bth_42,0.0101539955776123,
1uex_2,0.0111351305619035,
1yvb_27,0.0142212503606924,
1xd3_34,0.0146859631940049,
1g20_40,0.0031466253412521,
1uex_61,0.011869085525356,
2kai_74,0.0129421383458603,
1bth_6,0.0113922467618752,
1hxy_28,0.0076719746779764,
1g20_32,0.004946750422591,
2fi4_49,0.0903827295629341,
2bnq_32,0.00330934711444,
1p7q_82,0.0839975080585892,
1p7q_75,0.0087938732973193,
1uex_52,0.0117988016281148,
1xd3_27,0.0583210799120747,
1r4m_43,0.0444615565720539,
2bnq_4,0.002443403426323,
3pro_52,0.0229732225048545,
1ewy_30,0.2130995748572709,
1zy8_44,0.0157146456545101,
1g20_54,0.0036705005097109,
1ook_90,0.0171670779815898,
1oph_14,0.0106224883439596,
1gpw_37,0.0499112925876802,
1ook_59,0.0088483984196218,
1yvb_13,0.0087168857526421,
1a2k_56,0.0094655471702076,
2ckh_41,0.2177867635517469,
1r4m_48,0.0927482336471498,
1xd3_88,0.0581516233542032,
1ku6_40,0.0128110991254838,
1zy8_1,0.0104187584702112,
2btf_90,0.0076078137444015,
1g20_66,0.0042195567469517,
1tx6_59,0.0201679753531504,
1nbf_20,0.022798657670084,
1ewy_99,0.0859262655585944,
1ma9_59,0.0050312415541276,
1nbf_81,0.0301259293212876,
1r4m_56,0.1271898222431778,
1dfj_2,0.1297076701170295,
1tx6_12,0.0204940843425333,
1hxy_13,0.0074400458867349,
2ckh_52,0.0213690497592473,
1ewy_22,0.105819186763853,
1r4m_93,0.0607918974093858,
1hxy_29,0.0087228668085103,
2fi4_74,0.0644155493798814,
1r4m_81,0.0621496052455593,
1ook_14,0.01365543654661,
1gpw_18,0.1640128690653843,
1bth_80,0.0117044530521243,
1gpw_34,0.040252166796336,
1g20_61,0.0033314854577641,
1ewy_55,0.1501206377437525,
1g20_36,0.0036201491376872,
2fi4_81,0.0838517397962919,
1yvb_84,0.0140077365765834,
1wq1_2,0.0099615723612481,
2fi4_22,0.0757783906437823,
1ppf_57,0.0269168782780863,
1ku6_12,0.0303944951903085,
1dfj_13,0.1556296939331216,
1r4m_83,0.0658575095968434,
1ppf_13,0.0159228175179698,
2kai_15,0.0122686318455747,
1xd3_86,0.0153932470226594,
1he1_1,0.0810093295795993,
1tx6_91,0.0273437465186195,
1tx6_22,0.0178366092009108,
1xd3_87,0.0089182569449665,
2kai_52,0.0742620367087102,
1yvb_34,0.0240487685427437,
1ppf_47,0.0145020470985518,
1hxy_49,0.0073049475245674,
2bnq_31,0.0043735192330322,
1he1_11,0.0507132961307356,
1ma9_73,0.008631476080409,
1bth_78,0.0951598118707152,
2btf_14,0.0082651750322408,
1ma9_88,0.0064405165381208,
1r4m_95,0.1658323796937722,
2btf_87,0.0080285037002074,
1bth_44,0.0113266894291363,
1bth_15,0.0113454908014041,
1p7q_39,0.0110888364546931,
1xd3_59,0.0175170655224018,
1a2k_42,0.0221477355758989,
1r4m_1,0.0517922719527804,
1a2k_33,0.0097694553285175,
1bth_31,0.0122543754345847,
1he1_38,0.0403579993945986,
1oph_58,0.0081523240436071,
1xd3_48,0.0425337547546457,
1ook_7,0.0157482105835873,
1bth_17,0.0113915980028481,
1wq1_45,0.0124309992649621,
1p7q_34,0.0075220395063395,
1uex_70,0.029881532846498,
2btf_96,0.0076818284796436,
2ckh_88,0.0139345468750178,
1bth_94,0.0334109647072165,
1ppf_33,0.0649008293408263,
1uex_21,0.0385054886181428,
1oph_68,0.0122162345589298,
1nbf_75,0.2204443312434863,
3pro_13,0.0727802918771915,
2btf_22,0.0102675029111369,
1g20_43,0.0690467933080699,
1p7q_32,0.0326122818831532,
1zy8_67,0.1341325379653163,
2bnq_52,0.0077712318951864,
1hxy_92,0.0075247917749281,
1gpw_53,0.007119079288981,
1cho_109,0.06456673906511,
1hxy_12,0.0075638656517013,
3pro_61,0.0334032143582976,
1wq1_46,0.0131076318272946,
1uex_84,0.0107973190261088,
1uex_46,0.0399969129400863,
1nbf_68,0.0180712751496202,
1gpw_1,0.0783835929325962,
1dfj_65,0.0124183174573777,
1yvb_33,0.0106756268542577,
1oph_64,0.0082376511126371,
1dfj_80,0.0080948049722417,
1oph_31,0.0286169899675394,
1gpw_75,0.0386556088269927,
2kai_78,0.014579800158883,
1nbf_18,0.1252455511421507,
1bth_43,0.0479354594735533,
3pro_60,0.1796970004239734,
1wq1_54,0.0099793810096141,
2fi4_44,0.0661067705163851,
1he1_85,0.0223310697047013,
1yvb_88,0.0084452632765597,
1zy8_73,0.0541975142140622,
2ckh_2,0.0110120888214498,
1tx6_85,0.0112237896578622,
2ckh_60,0.0102784834337207,
2kai_79,0.0676214509714047,
1ppf_9,0.1536058903564839,
1hxy_70,0.0075188016325701,
2btf_98,0.0074698854457586,
1tx6_87,0.011963613325678,
1oph_84,0.0062648239502165,
1bth_51,0.0114115419205537,
1uex_48,0.0860590130279503,
1ewy_2,0.0594237947210683,
1g20_81,0.0035487726725116,
1ewy_13,0.0938787269059368,
2ckh_46,0.0142417897771929,
2ckh_9,0.0139689130398867,
2ckh_57,0.0645622437833943,
1bth_65,0.095955847159669,
1a2k_13,0.0080309958030468,
1ma9_53,0.0092300904954606,
1tx6_19,0.0193000953978217,
1dfj_9,0.099571817523351,
1wq1_88,0.0106025085627299,
1ma9_51,0.0254882365614168,
1wq1_43,0.0222946021765513,
1a2k_48,0.0080565057305337,
1r4m_97,0.0867541737213616,
1gpw_63,0.0379359135081558,
1uex_88,0.0118916161322274,
1yvb_8,0.0170498720984259,
2bnq_65,0.0036603069637346,
2kai_85,0.012045131230394,
1yvb_89,0.012609712045772,
1a2k_17,0.0104845864190606,
2btf_56,0.0081399703212032,
1gpw_76,0.0410235920648077,
1ku6_22,0.0119183728648245,
1zy8_6,0.0472290003318544,
1oph_48,0.0062806594184172,
2btf_25,0.0080923995883956,
1uex_16,0.0111786795636434,
1ku6_71,0.030004589087048,
1wq1_14,0.0099216727244928,
1p7q_68,0.0088653002333268,
1ook_97,0.0148711479005168,
1ook_85,0.0128381656347867,
2bnq_11,0.003676417804068,
1oph_56,0.005771924459451,
1oph_83,0.0089763570924191,
2kai_4,0.1019115212725894,
1hxy_14,0.0089587535913757,
2kai_34,0.0965746936384781,
1wq1_61,0.0127620416739391,
1dfj_20,0.0437488014516069,
1ppf_85,0.215226273721813,
1wq1_48,0.0110058672070133,
1ppf_67,0.0716427369763602,
1ewy_77,0.0104995213792475,
1uex_38,0.1345468489804904,
2ckh_45,0.1708369691522897,
1nbf_83,0.0215559949926059,
2bnq_80,0.0050724889767418,
1xd3_47,0.0187284879131705,
1cho_10,0.0892172275090244,
2fi4_60,0.012495611526047,
1ewy_82,0.0113989578098663,
1ppf_68,0.1581442507772345,
2fi4_24,0.0125062088953852,
2fi4_75,0.1373549373164751,
1r4m_62,0.0746545660434586,
1he1_31,0.0101534942317122,
1ook_72,0.0214569437333286,
3pro_86,0.1699149781596801,
2fi4_91,0.0817801341953464,
1ook_77,0.0062554804926258,
1ewy_4,0.0146306373776353,
1hxy_38,0.0106856249910338,
3pro_23,0.0620634745133719,
3pro_80,0.0729389414063943,
2ckh_87,0.0637435235941871,
1ma9_43,0.0073160820136725,
2fi4_54,0.0558467499206828,
2btf_15,0.0088526062567743,
1dfj_24,0.0247279297450707,
1ook_42,0.008310059216687,
1ma9_9,0.007540567872209,
2fi4_26,0.0718915329220398,
1g20_77,0.0035868342630926,
1ma9_81,0.0065364654738271,
1r4m_74,0.0917704153142536,
1dfj_50,0.0131151344660473,
1g20_96,0.00353681388487,
2kai_81,0.0357488065475224,
1g20_88,0.0035181652533215,
1cho_30,0.0874235321733352,
1oph_79,0.0227253718174563,
1nbf_32,0.1895172099690687,
1he1_19,0.0143924563575858,
1ppf_27,0.016519537333278,
1oph_63,0.0066355371014851,
1a2k_2,0.0063872952505279,
1g20_55,0.0032260331559336,
1cho_85,0.0124038132195448,
1uex_47,0.0259850093282961,
1ook_88,0.0101975209416652,
1ku6_29,0.0185711259355139,
1dfj_64,0.1043842702526018,
1ook_40,0.0144153759407238,
2btf_62,0.0076543306329208,
1cho_115,0.0133698842214897,
1ku6_64,0.0103059014749091,
1tx6_7,0.0204555090059916,
1ook_56,0.0080840977261119,
1ppf_45,0.1461721928690683,
1ppf_48,0.1979004058306256,
1g20_8,0.0032576628016134,
1yvb_19,0.0500956646803367,
1ma9_27,0.0077610889270658,
1gpw_87,0.0078821112335144,
1bth_64,0.0105590389956465,
1he1_59,0.0121276096325387,
1hxy_83,0.0070171652166623,
1ma9_80,0.0122228609709186,
1he1_70,0.0165140684002557,
1wq1_17,0.0149285645765216,
1uex_82,0.0076787154130791,
2btf_79,0.00911094553974,
3pro_28,0.0856997851468804,
1ewy_84,0.0988516565246788,
2btf_93,0.0076276729046635,
1wq1_19,0.01957870854927,
2bnq_19,0.0043471698797821,
1xd3_39,0.0262019500213506,
1nbf_27,0.1732800675880529,
1yvb_55,0.0205603469146303,
1tx6_82,0.0193051091375393,
1a2k_47,0.0065255656444546,
3pro_1,0.1006055545912839,
1g20_73,0.0038809088324256,
1p7q_95,0.0062600921234729,
1ku6_49,0.0257296305011146,
1ma9_66,0.0062501424893401,
1cho_43,0.0666710161565589,
1ewy_83,0.0929209114395405,
2btf_2,0.0342549471258333,
1xd3_56,0.0270048154550707,
1bth_76,0.1325807953114348,
1nbf_3,0.1668780834754142,
1xd3_72,0.0446946656868301,
1xd3_79,0.014010072717537,
2fi4_67,0.0124000242618096,
1ppf_6,0.0179979877097848,
1cho_14,0.0560395590693552,
1oph_61,0.0075168297045173,
1xd3_32,0.0372631432031421,
1ook_55,0.0061847868852104,
1g20_91,0.0113055345940832,
2bnq_17,0.0043319917316725,
1wq1_86,0.0086850410772156,
1zy8_98,0.0084762362148378,
1ewy_1,0.0102776275553112,
1ppf_82,0.0637107112098927,
2fi4_30,0.1183321202509265,
1tx6_90,0.0252424662749351,
1hxy_45,0.0103936914335034,
1ewy_98,0.0095199713562134,
1a2k_67,0.0065676027475642,
1gpw_60,0.0079902655304903,
1ppf_60,0.0494690398264567,
1ku6_93,0.0074587768711238,
1a2k_59,0.0312568780116834,
1oph_86,0.009183736199793,
1xd3_66,0.0135531210026727,
1ma9_50,0.0053541860927962,
1p7q_87,0.0060688826170346,
1tx6_5,0.0114020644940678,
1ma9_34,0.0158819744871433,
1uex_30,0.0113569177382757,
2fi4_86,0.0125888082445983,
1yvb_25,0.0072793328382039,
2btf_88,0.0072252990959679,
1wq1_91,0.0116775936624782,
1cho_31,0.0398299844173643,
1gpw_29,0.0370449093761815,
2kai_86,0.0687829088072301,
1he1_52,0.0162688159891554,
1tx6_36,0.0188545300773557,
2ckh_73,0.030739185175395,
2kai_62,0.0800385212105898,
1oph_71,0.0069261107442453,
2fi4_1,0.0248342338980752,
2btf_40,0.0076392469910256,
1xd3_42,0.0130624380573094,
1yvb_79,0.0132710949441061,
1r4m_100,0.1007122323112688,
2btf_39,0.0352676579765126,
1ppf_8,0.1229571517876708,
1ook_45,0.0121206637574162,
1he1_96,0.0109670043975846,
1dfj_82,0.1661251295837482,
1hxy_32,0.0057582064738353,
1ku6_98,0.0100265974783443,
1dfj_79,0.0293262865130916,
1p7q_25,0.0173821638634505,
1g20_87,0.003851842892957,
1oph_77,0.0085652504955354,
1gpw_44,0.1409163299396851,
1uex_49,0.0285515896086198,
1p7q_22,0.0361898684145814,
2bnq_6,0.002447721687282,
1gpw_30,0.20518511299312,
1p7q_29,0.0943468192719566,
1nbf_36,0.0268478954183658,
1ku6_17,0.0357435146687487,
1wq1_64,0.0120713985898792,
1r4m_47,0.0582872694639114,
1ku6_21,0.0262062716209507,
1ku6_56,0.0126197195051898,
2btf_86,0.0109777749266322,
1tx6_9,0.0199517691249424,
1p7q_83,0.0069424860415655,
2btf_36,0.0077319703321153,
1dfj_11,0.0084104151866808,
1ook_86,0.0084222023067087,
1xd3_64,0.0125108146896332,
1oph_37,0.0097092061236535,
1ook_20,0.0101883490699668,
2fi4_80,0.0667508225329977,
1hxy_9,0.0079388809386013,
2bnq_96,0.0047379451211122,
1ewy_53,0.0157603548451509,
2kai_73,0.0939113623571445,
1uex_98,0.0095004055027919,
1ewy_23,0.0524121950841189,
1zy8_9,0.0063937338299841,
1hxy_22,0.0106846979068151,
1ku6_41,0.0081361233920011,
2ckh_55,0.0489406203383199,
1cho_12,0.0888495334294544,
2bnq_23,0.0047509356668956,
2btf_91,0.0080512793772099,
1M0U_af2m,0.9,3.0
3HUG_af2m,0.8349999999999999,3.0
5UBF_af2m,0.8519999999999999,3.0
4OBU_af2m,0.808,3.0
4RGB_af2m,0.922,3.0
5DMB_af2m,0.9,3.0
4YAG_af2m,0.957,3.0
3LSJ_af2m,0.975,3.0
4TRB_af2m,0.928,3.0
3Q34_af2m,0.93,3.0
2PQV_af2m,0.8619999999999999,3.0
6RO6_af2m,0.807,3.0
3TS3_af2m,0.961,3.0
4INE_af2m,0.943,3.0
5HS5_af2m,0.879,3.0
3KE7_af2m,0.8489999999999999,3.0
5X62_af2m,0.943,3.0
3K67_af2m,0.948,3.0
3QN1_af2m,0.918,3.0
5U4S_af2m,0.93,3.0
5H2W_af2m,0.8379999999999999,3.0
2BJI_af2m,0.93,3.0
6BW6_af2m,0.905,3.0
6JC4_af2m,0.8339999999999999,3.0
4NZL_af2m,0.875,3.0
4DZI_af2m,0.872,3.0
3R40_af2m,0.982,3.0
2C1L_af2m,0.881,3.0
5J4I_af2m,0.941,3.0
3BOX_af2m,0.943,3.0
4IJA_af2m,0.911,3.0
3PVL_af2m,0.8649999999999999,3.0
4QPK_af2m,0.801,3.0
2I5E_af2m,0.908,3.0
3L9F_af2m,0.872,3.0
6UWE_af2m,0.883,3.0
3PG8_af2m,0.971,3.0
3OF5_af2m,0.954,3.0
6HTO_af2m,0.976,3.0
6SYH_af2m,0.934,3.0
2IGI_af2m,0.873,3.0
6DZS_af2m,0.8439999999999999,3.0
3LHQ_af2m,0.884,3.0
1XU2_af2m,0.8689999999999999,3.0
5KS7_af2m,0.884,3.0
2P62_af2m,0.824,3.0
4EJQ_af2m,0.8649999999999999,3.0
3HSS_af2m,0.8479999999999999,3.0
5F2K_af2m,0.891,3.0
3UW3_af2m,0.96,3.0
6N91_af2m,0.906,3.0
3LAS_af2m,0.894,3.0
2I79_af2m,0.902,3.0
5HW4_af2m,0.935,3.0
1O12_af2m,0.883,3.0
6SU9_af2m,0.926,3.0
2ZSJ_af2m,0.8399999999999999,3.0
6VTV_af2m,0.885,3.0
4ETP_af2m,0.899,3.0
4PER_af2m,0.8549999999999999,3.0
6N9I_af2m,0.8519999999999999,3.0
1SKR_af2m,0.918,3.0
6GUG_af2m,0.8489999999999999,3.0
1SQS_af2m,0.8549999999999999,3.0
3LDV_af2m,0.942,3.0
3U52_af2m,0.934,3.0
3D5P_af2m,0.929,3.0
6FIY_af2m,0.955,3.0
4XYB_af2m,0.934,3.0
3SZH_af2m,0.948,3.0
5DVW_af2m,0.806,3.0
3TVJ_af2m,0.8589999999999999,3.0
5TW9_af2m,0.8589999999999999,3.0
1VB5_af2m,0.8689999999999999,3.0
5UE1_af2m,0.93,3.0
6Q4W_af2m,0.877,3.0
3MGK_af2m,0.8549999999999999,3.0
3M1U_af2m,0.8569999999999999,3.0
5Y9Z_af2m,0.928,3.0
2EBY_af2m,0.93,3.0
4XSL_af2m,0.963,3.0
5XK6_af2m,0.874,3.0
2ARZ_af2m,0.8319999999999999,3.0
2WM9_af2m,0.8259999999999998,3.0
1U2W_af2m,0.8429999999999999,3.0
5ULY_af2m,0.882,3.0
2QUD_af2m,0.929,3.0
3K0Z_af2m,0.905,3.0
3R6A_af2m,0.962,3.0
3A5Y_af2m,0.8649999999999999,3.0
2NQL_af2m,0.888,3.0
2B1X_af2m,0.879,3.0
3VUX_af2m,0.8599999999999999,3.0
4YZZ_af2m,0.905,3.0
4MIS_af2m,0.892,3.0
4HX3_af2m,0.903,3.0
4J6V_af2m,0.901,3.0
2NX9_af2m,0.8689999999999999,3.0
2PJS_af2m,0.872,3.0
4BFI_af2m,0.873,3.0
5VLG_af2m,0.909,3.0
4MB0_af2m,0.88,3.0
3O6V_af2m,0.929,3.0
3JVD_af2m,0.937,3.0
6UK3_af2m,0.945,3.0
4Q3O_af2m,0.928,3.0
3KTD_af2m,0.8469999999999999,3.0
5B16_af2m,0.927,3.0
4QRN_af2m,0.928,3.0
1IG3_af2m,0.93,3.0
4RCT_af2m,0.95,3.0
5CJ1_af2m,0.82,3.0
3WQC_af2m,0.966,3.0
4LTB_af2m,0.806,3.0
3G1P_af2m,0.878,3.0
1YB5_af2m,0.916,3.0
3WKR_af2m,0.8449999999999999,3.0
2DDM_af2m,0.8389999999999999,3.0
5M8B_af2m,0.905,3.0
4QPJ_af2m,0.8479999999999999,3.0
4ZCD_af2m,0.952,3.0
5UQS_af2m,0.89,3.0
4JEM_af2m,0.963,3.0
1YFN_af2m,0.8519999999999999,3.0
3TBM_af2m,0.957,3.0
2OOK_af2m,0.896,3.0
3LY1_af2m,0.817,3.0
4TVI_af2m,0.935,3.0
5D1P_af2m,0.928,3.0
3MMY_af2m,0.925,3.0
5H6Q_af2m,0.941,3.0
3IEC_af2m,0.891,3.0
5LXE_af2m,0.8529999999999999,3.0
1BOU_af2m,0.918,3.0
6RS4_af2m,0.969,3.0
4ZKY_af2m,0.899,3.0
5B7G_af2m,0.961,3.0
4O0C_af2m,0.887,3.0
4UE8_af2m,0.92,3.0
1VHQ_af2m,0.89,3.0
5GN2_af2m,0.933,3.0
3ULY_af2m,0.891,3.0
3MBK_af2m,0.963,3.0
1U8S_af2m,0.897,3.0
3FX7_af2m,0.916,3.0
1OSY_af2m,0.883,3.0
4PU7_af2m,0.918,3.0
4XKL_af2m,0.873,3.0
1U60_af2m,0.968,3.0
2GU2_af2m,0.872,3.0
4PBY_af2m,0.816,3.0
3WVQ_af2m,0.937,3.0
2F2C_af2m,0.805,3.0
1LQB_af2m,0.939,3.0
4HAC_af2m,0.8649999999999999,3.0
5X3X_af2m,0.808,3.0
6SLL_af2m,0.924,3.0
4NJH_af2m,0.947,3.0
3GZ7_af2m,0.8349999999999999,3.0
3NJH_af2m,0.8559999999999999,3.0
3LCM_af2m,0.919,3.0
5IIB_af2m,0.916,3.0
6OKO_af2m,0.8369999999999999,3.0
1GYX_af2m,0.959,3.0
2DGB_af2m,0.884,3.0
2Y4R_af2m,0.942,3.0
1IXM_af2m,0.8439999999999999,3.0
2D7C_af2m,0.892,3.0
2HP0_af2m,0.887,3.0
3G80_af2m,0.939,3.0
4ZRS_af2m,0.96,3.0
3P8K_af2m,0.905,3.0
5HPH_af2m,0.811,3.0
4QLB_af2m,0.917,3.0
3R4Z_af2m,0.954,3.0
2B0R_af2m,0.96,3.0
3VLB_af2m,0.897,3.0
6EYX_af2m,0.93,3.0
3KMH_af2m,0.911,3.0
6SJ8_af2m,0.923,3.0
3I3W_af2m,0.885,3.0
3H6G_af2m,0.872,3.0
1AVW_af2m,0.929,3.0
4RNC_af2m,0.883,3.0
1LRW_af2m,0.973,3.0
3MMH_af2m,0.885,3.0
3URR_af2m,0.922,3.0
1XE7_af2m,0.972,3.0
2JAE_af2m,0.953,3.0
6B9R_af2m,0.908,3.0
3I38_af2m,0.821,3.0
5XKR_af2m,0.958,3.0
3P71_af2m,0.8299999999999998,3.0
5L0L_af2m,0.901,3.0
3LMB_af2m,0.8399999999999999,3.0
4WW7_af2m,0.964,3.0
2RBB_af2m,0.931,3.0
5K4W_af2m,0.873,3.0
2QYV_af2m,0.961,3.0
2YYH_af2m,0.8689999999999999,3.0
5HST_af2m,0.918,3.0
1LQ9_af2m,0.935,3.0
3WCO_af2m,0.801,3.0
3E10_af2m,0.873,3.0
6FPF_af2m,0.8399999999999999,3.0
5BJW_af2m,0.971,3.0
1VI6_af2m,0.804,3.0
3EA0_af2m,0.81,3.0
5E8J_af2m,0.922,3.0
2A3Q_af2m,0.8409999999999999,3.0
2IAB_af2m,0.918,3.0
4RIF_af2m,0.897,3.0
4R60_af2m,0.882,3.0
1EI6_af2m,0.938,3.0
3JYH_af2m,0.893,3.0
3BVQ_af2m,0.8259999999999998,3.0
3G36_af2m,0.8569999999999999,3.0
4Q14_af2m,0.974,3.0
4PK7_af2m,0.823,3.0
1ZK8_af2m,0.904,3.0
3NPF_af2m,0.8579999999999999,3.0
4KZP_af2m,0.918,3.0
5X03_af2m,0.814,3.0
3S5R_af2m,0.811,3.0
5M72_af2m,0.943,3.0
1DJ8_af2m,0.8509999999999999,3.0
4OTN_af2m,0.926,3.0
2PHN_af2m,0.882,3.0
1Z0J_af2m,0.8489999999999999,3.0
1PN2_af2m,0.939,3.0
4YNH_af2m,0.812,3.0
1OBB_af2m,0.953,3.0
1ZUP_af2m,0.8429999999999999,3.0
3MN5_af2m,0.957,3.0
1NKI_af2m,0.941,3.0
3LZ8_af2m,0.895,3.0
4NVS_af2m,0.8539999999999999,3.0
6JVV_af2m,0.8439999999999999,3.0
6UM4_af2m,0.914,3.0
3NDO_af2m,0.969,3.0
3A4U_af2m,0.8499999999999999,3.0
1W23_af2m,0.909,3.0
5NT7_af2m,0.939,3.0
6EL2_af2m,0.923,3.0
3FHL_af2m,0.8289999999999998,3.0
3LVK_af2m,0.876,3.0
1TXG_af2m,0.905,3.0
3G3Z_af2m,0.884,3.0
1N2D_af2m,0.922,3.0
1DQN_af2m,0.8469999999999999,3.0
4E1P_af2m,0.932,3.0
1RH5_af2m,0.8309999999999998,3.0
3PJ0_af2m,0.958,3.0
2WFH_af2m,0.918,3.0
4R81_af2m,0.949,3.0
1UII_af2m,0.8489999999999999,3.0
1X3Z_af2m,0.8609999999999999,3.0
3RMH_af2m,0.8659999999999999,3.0
3WRV_af2m,0.8469999999999999,3.0
1TMX_af2m,0.87,3.0
4K0D_af2m,0.807,3.0
5FEY_af2m,0.8529999999999999,3.0
1U7I_af2m,0.8669999999999999,3.0
3DDC_af2m,0.809,3.0
6GZW_af2m,0.974,3.0
6IE0_af2m,0.883,3.0
1LQL_af2m,0.926,3.0
1D8H_af2m,0.923,3.0
1ZEE_af2m,0.8619999999999999,3.0
1OF8_af2m,0.964,3.0
3UFE_af2m,0.8299999999999998,3.0
3LO3_af2m,0.8689999999999999,3.0
2ZDP_af2m,0.938,3.0
3P8T_af2m,0.973,3.0
1VLJ_af2m,0.883,3.0
4XPN_af2m,0.875,3.0
5ZKT_af2m,0.8459999999999999,3.0
1D2Z_af2m,0.888,3.0
5VJE_af2m,0.956,3.0
2AKO_af2m,0.936,3.0
6HBS_af2m,0.94,3.0
3AJB_af2m,0.8489999999999999,3.0
4A5Z_af2m,0.8459999999999999,3.0
1H21_af2m,0.933,3.0
3WWT_af2m,0.909,3.0
2DXU_af2m,0.911,3.0
4MCJ_af2m,0.8369999999999999,3.0
5ABV_af2m,0.8259999999999998,3.0
4WYB_af2m,0.875,3.0
1UW4_af2m,0.814,3.0
2R5O_af2m,0.8339999999999999,3.0
3K9J_af2m,0.8609999999999999,3.0
2UVO_af2m,0.958,3.0
1TLJ_af2m,0.919,3.0
3C6K_af2m,0.916,3.0
1I49_af2m,0.903,3.0
1O9P_af2m,0.966,3.0
5L0X_af2m,0.927,3.0
5JEN_af2m,0.894,3.0
3FET_af2m,0.959,3.0
2A5Y_af2m,0.8569999999999999,3.0
2HIQ_af2m,0.961,3.0
3GE3_af2m,0.965,3.0
2X9A_af2m,0.933,3.0
3GMX_af2m,0.8509999999999999,3.0
3FCD_af2m,0.823,3.0
6MNI_af2m,0.887,3.0
1NXM_af2m,0.8389999999999999,3.0
4ACI_af2m,0.873,3.0
1R0R_af2m,0.8449999999999999,3.0
4H5B_af2m,0.818,3.0
4J3C_af2m,0.8599999999999999,3.0
3E96_af2m,0.925,3.0
2OIK_af2m,0.939,3.0
5FIR_af2m,0.8419999999999999,3.0
6BSU_af2m,0.901,3.0
5NNA_af2m,0.95,3.0
3RET_af2m,0.883,3.0
4XHJ_af2m,0.879,3.0
2Y3W_af2m,0.8339999999999999,3.0
5NZO_af2m,0.946,3.0
2AUH_af2m,0.814,3.0
5JWO_af2m,0.907,3.0
3DDM_af2m,0.93,3.0
1ZHS_af2m,0.966,3.0
2IML_af2m,0.93,3.0
2F91_af2m,0.919,3.0
5J10_af2m,0.8459999999999999,3.0
3KGW_af2m,0.89,3.0
5XUN_af2m,0.945,3.0
3WAE_af2m,0.897,3.0
2EV1_af2m,0.886,3.0
5B89_af2m,0.945,3.0
4WP9_af2m,0.918,3.0
4YUY_af2m,0.91,3.0
4XLY_af2m,0.8639999999999999,3.0
2GWW_af2m,0.879,3.0
2HP0,0.86,3.0
3HNO,0.87,3.0
1X2I,0.942,3.0
6UWE,0.921,3.0
1VH5,0.961,3.0
3C85,0.854,3.0
2JHF,0.901,3.0
2C1L,0.88,3.0
3R4Z,0.942,3.0
2NVW,0.894,3.0
3E03,0.909,3.0
5QK0,0.953,3.0
5YHP,0.947,3.0
2R6U,0.886,3.0
3COV,0.805,3.0
5GZ3,0.933,3.0
6CF1,0.847,3.0
2CMG,0.91,3.0
2A6Q,0.896,3.0
4H5B,0.952,3.0
3UF6,0.887,3.0
3PJ0,0.93,3.0
2NQD,0.9,3.0
3G36,0.883,3.0
2D68,0.846,3.0
1I7Q,0.939,3.0
3BPJ,0.91,3.0
2OKQ,0.916,3.0
5NZO,0.946,3.0
1OOE,0.963,3.0
5DMB,0.802,3.0
3HDJ,0.861,3.0
3GWQ,0.852,3.0
5WZF,0.907,3.0
6OJR,0.845,3.0
2OX1,0.867,3.0
3QWU,0.933,3.0
5LOP,0.83,3.0
2HF9,0.877,3.0
1Y0B,0.839,3.0
3LO3,0.823,3.0
5U4H,0.821,3.0
5JHF,0.844,3.0
5SY4,0.957,3.0
2HZM,0.881,3.0
6SLL,0.902,3.0
2FA1,0.9,3.0
4JBE,0.893,3.0
6A45,0.879,3.0
4PK7,0.841,3.0
2PA7,0.888,3.0
2R5O,0.875,3.0
3ZBG,0.945,3.0
2FRH,0.824,3.0
3SJA,0.886,3.0
6PC0,0.803,3.0
2VVP,0.974,3.0
6NPC,0.814,3.0
1LQB,0.821,3.0
5I1U,0.88,3.0
1U60,0.973,3.0
3MSX,0.915,3.0
3HF5,0.879,3.0
2H2N,0.978,3.0
1Z4E,0.927,3.0
5WYG,0.926,3.0
1E7L,0.852,3.0
3IGF,0.809,3.0
1ZBQ,0.945,3.0
3LPE,0.903,3.0
5XZQ,0.869,3.0
3CJP,0.83,3.0
2NXV,0.872,3.0
4HMS,0.931,3.0
1EBF,0.806,3.0
6EHI,0.857,3.0
5E8J,0.929,3.0
1M0W,0.947,3.0
4UWM,0.844,3.0
5B52,0.878,3.0
2OX6,0.92,3.0
3TSA,0.876,3.0
2EB1,0.947,3.0
3TJ8,0.962,3.0
4OTN,0.849,3.0
1ZWW,0.842,3.0
3FRQ,0.95,3.0
1S9R,0.94,3.0
6E68,0.947,3.0
2J5V,0.96,3.0
2ZZV,0.98,3.0
3VIQ,0.869,3.0
2GEY,0.933,3.0
3IP3,0.872,3.0
3ABQ,0.947,3.0
5BY7,0.858,3.0
4DOY,0.867,3.0
1F5V,0.962,3.0
1KQP,0.947,3.0
2AKO,0.813,3.0
3UXJ,0.865,3.0
4EQS,0.931,3.0
3PG8,0.977,3.0
3KMH,0.915,3.0
5LY0,0.818,3.0
1O12,0.833,3.0
1I49,0.899,3.0
4DIQ,0.919,3.0
3KC2,0.855,3.0
6RZO,0.851,3.0
2EHB,0.853,3.0
2RC3,0.89,3.0
4CN0,0.903,3.0
1VRB,0.865,3.0
4NHE,0.966,3.0
4CWC,0.897,3.0
5XK6,0.826,3.0
1WUI,0.833,3.0
3C6K,0.903,3.0
4GR2,0.95,3.0
3RH7,0.93,3.0
3CHH,0.911,3.0
5K8B,0.961,3.0
4C2E,0.805,3.0
3TP9,0.806,3.0
4Q2U,0.802,3.0
4LQB,0.853,3.0
1O7L,0.846,3.0
4F6U,0.913,3.0
3L7H,0.939,3.0
1H21,0.962,3.0
3JVD,0.852,3.0
3LYX,0.865,3.0
1ZFN,0.854,3.0
6NNR,0.901,3.0
3K32,0.839,3.0
1TXG,0.883,3.0
3T7D,0.835,3.0
1U7I,0.844,3.0
3H90,0.853,3.0
2OQ2,0.91,3.0
2PTF,0.867,3.0
5M97,0.923,3.0
5EVC,0.964,3.0
5UCS,0.948,3.0
4Q51,0.952,3.0
3U7R,0.815,3.0
4XPN,0.807,3.0
1YDY,0.994,3.0
6B9R,0.885,3.0
3E10,0.801,3.0
4M1H,0.951,3.0
2BS2,0.968,3.0
3KSE,0.849,3.0
4DMG,0.951,3.0
2YYY,0.932,3.0
1GVN,0.899,3.0
5H34,0.89,3.0
1DJ8,0.858,3.0
5XZT,0.911,3.0
1MXR,0.9,3.0
3EOF,0.868,3.0
2X5Q,0.83,3.0
6SYH,0.859,3.0
4PU7,0.965,3.0
5EPW,0.962,3.0
3PFO,0.881,3.0
3LGJ,0.857,3.0
4P5W,0.891,3.0
1TZB,0.946,3.0
3S2R,0.951,3.0
1VHM,0.867,3.0
3HSS,0.856,3.0
6SU9,0.913,3.0
2GIB,0.952,3.0
3P8K,0.881,3.0
6FPF,0.846,3.0
5NLB,0.814,3.0
2C1V,0.942,3.0
4OMZ,0.859,3.0
1DPG,0.921,3.0
1ZK8,0.881,3.0
3HPX,0.91,3.0
1J5W,0.912,3.0
1ZEE,0.879,3.0
3OVP,0.905,3.0
4B4U,0.938,3.0
1SH8,0.909,3.0
3LCM,0.906,3.0
5F2K,0.879,3.0
2GU2,0.844,3.0
3HPW,0.913,3.0
3BBJ,0.914,3.0
5G4I,0.858,3.0
4R81,0.939,3.0
1VSG,0.809,3.0
4NK4,0.934,3.0
3LDV,0.953,3.0
4EIV,0.88,3.0
5F4W,0.986,3.0
2J6Y,0.941,3.0
2I8T,0.917,3.0
6EL2,0.895,3.0
4O0C,0.86,3.0
3FNB,0.878,3.0
3TCS,0.933,3.0
4COG,0.975,3.0
3SZA,0.911,3.0
2ZW2,0.936,3.0
4CNG,0.916,3.0
3RQ1,0.88,3.0
5ZKA,0.848,3.0
3HRY,0.821,3.0
4D9B,0.949,3.0
3DUW,0.889,3.0
2W5V,0.949,3.0
1LQL,0.95,3.0
3LZK,0.868,3.0
3IT3,0.946,3.0
2OKV,0.892,3.0
1XAO,0.89,3.0
3NM7,0.838,3.0
4HFK,0.925,3.0
6MR3,0.817,3.0
2AQ6,0.861,3.0
5ZKT,0.867,3.0
3KGY,0.822,3.0
1TMX,0.914,3.0
3M1U,0.812,3.0
5Z9R,0.81,3.0
4KPO,0.944,3.0
3I7D,0.855,3.0
1VJL,0.956,3.0
1C8U,0.953,3.0
4KT6,0.928,3.0
5FLH,0.821,3.0
4ML1,0.945,3.0
1VZ6,0.886,3.0
2OHC,0.821,3.0
3IJM,0.869,3.0
2OL5,0.811,3.0
3VS8,0.985,3.0
2R47,0.93,3.0
3TS3,0.965,3.0
1IK9,0.808,3.0
3QYF,0.947,3.0
1HQS,0.87,3.0
4LXQ,0.013,0.0
1CRU,0.026,0.0
2WFH,0.05,0.0
6AHW,0.014,0.0
3F84,0.003,0.0
2ZZ8,0.018,0.0
3E8O,0.057,0.0
1MQS,0.015,0.0
3CH5,0.026,0.0
2H1L,0.006,0.0
2PBI,0.007,0.0
3EDP,0.056,0.0
2EWN,0.019,0.0
2PT7,0.011,0.0
2D7E,0.016,0.0
1DHK,0.008,0.0
2QKH,0.032,0.0
5K23,0.08,0.0
2YIL,0.017,0.0
5FT0,0.033,0.0
3PVL,0.067,0.0
5VMD,0.024,0.0
2DGJ,0.007,0.0
4RSW,0.014,0.0
1PBY,0.039,0.0
1QPP,0.008,0.0
6Q40,0.133,0.0
1FI8,0.014,0.0
6K7C,0.044,0.0
1KU2,0.016,0.0
4INE,0.01,0.0
4QXF,0.012,0.0
4JU5,0.016,0.0
5WRR,0.011,0.0
5MUY,0.007,0.0
3ICA,0.023,0.0
3ZPX,0.094,0.0
2D1G,0.061,0.0
5JG7,0.013,0.0
3DWG,0.04,0.0
5NEN,0.005,0.0
3LVK,0.005,0.0
4U65,0.038,0.0
5IL7,0.004,0.0
4R0G,0.017,0.0
4KT5,0.217,0.0
5UQ2,0.031,0.0
2A5L,0.179,0.0
1N6J,0.082,0.0
2YWL,0.029,0.0
4MLG,0.005,0.0
3V8D,0.018,0.0
2AQ2,0.014,0.0
4M1U,0.091,0.0
5AYQ,0.029,0.0
5NA2,0.009,0.0
5LGD,0.062,0.0
6MOG,0.008,0.0
1POY,0.068,0.0
1TII,0.038,0.0
2ZX2,0.125,0.0
3T8K,0.026,0.0
1QSD,0.016,0.0
3TX7,0.005,0.0
3CGU,0.007,0.0
1ZOQ,0.054,0.0
5UFU,0.082,0.0
2A72,0.021,0.0
5CQV,0.043,0.0
3GW4,0.023,0.0
1PXV,0.209,0.0
5VRV,0.008,0.0
5N06,0.165,0.0
3KXA,0.084,0.0
4MUR,0.007,0.0
4BRU,0.017,0.0
5MQ8,0.006,0.0
3U6G,0.036,0.0
2G9W,0.169,0.0
2WIU,0.019,0.0
5GW8,0.047,0.0
2GHV,0.041,0.0
2GA1,0.226,0.0
4HJ1,0.004,0.0
4LJ3,0.053,0.0
2AS5,0.04,0.0
4JP4,0.041,0.0
1JLY,0.013,0.0
5M88,0.21,0.0
2IA1,0.043,0.0
5VYK,0.019,0.0
3CF4,0.045,0.0
5K6K,0.01,0.0
3ZPN,0.01,0.0
3PEV,0.03,0.0
4B0T,0.014,0.0
5C9N,0.022,0.0
3L4B,0.016,0.0
4PXJ,0.03,0.0
4LQS,0.079,0.0
3Q4U,0.029,0.0
3LCB,0.006,0.0
1WVE,0.125,0.0
4RUQ,0.019,0.0
4LPV,0.032,0.0
2HKN,0.013,0.0
3O6V,0.01,0.0
3OTP,0.086,0.0
1YKD,0.017,0.0
2DOQ,0.032,0.0
4XS0,0.025,0.0
5HCI,0.022,0.0
4H40,0.008,0.0
4EUU,0.021,0.0
1JE5,0.008,0.0
2NS9,0.045,0.0
3DEM,0.02,0.0
3SL7,0.014,0.0
6FV8,0.038,0.0
2WBL,0.008,0.0
3KWV,0.004,0.0
2AQX,0.011,0.0
6FLU,0.005,0.0
3MVG,0.013,0.0
2DCJ,0.012,0.0
4YFI,0.02,0.0
3KQ4,0.026,0.0
4R5K,0.022,0.0
4AF3,0.075,0.0
3CR3,0.008,0.0
6KOS,0.211,0.0
2SPC,0.009,0.0
3RNR,0.015,0.0
2V0P,0.009,0.0
5GPO,0.058,0.0
2NUT,0.009,0.0
5VCS,0.006,0.0
1FLE,0.011,0.0
5F5S,0.054,0.0
6NNW,0.026,0.0
5X8S,0.007,0.0
2BJN,0.018,0.0
3IMA,0.011,0.0
4X83,0.016,0.0
2R11,0.006,0.0
3INB,0.013,0.0
3GJX,0.009,0.0
1EF0,0.006,0.0
4TX5,0.01,0.0
2PQN,0.091,0.0
4Q7O,0.038,0.0
4B0M,0.036,0.0
3MJK,0.208,0.0
1T8T,0.01,0.0
5A3V,0.013,0.0
3PG6,0.022,0.0
1ZAV,0.013,0.0
6GFL,0.006,0.0
5XK2,0.054,0.0
5KS8,0.021,0.0
5H68,0.012,0.0
1EXT,0.017,0.0
3FLD,0.009,0.0
4RCK,0.014,0.0
4M69,0.006,0.0
6KI2,0.009,0.0
5KKY,0.004,0.0
3V89,0.002,0.0
5XBI,0.068,0.0
2PJS,0.064,0.0
4OAG,0.005,0.0
2BE3,0.014,0.0
3CZ8,0.01,0.0
4G1T,0.006,0.0
2HVY,0.229,0.0
6CQO,0.017,0.0
3NE5,0.005,0.0
4UUU,0.026,0.0
2PW8,0.008,0.0
3OQ3,0.032,0.0
3I84,0.015,0.0
1BML,0.028,0.0
3A1P,0.206,0.0
1QZ7,0.004,0.0
3FJU,0.056,0.0
1XG7,0.012,0.0
1MBY,0.041,0.0
4NSR,0.031,0.0
5B4X,0.003,0.0
3TRT,0.008,0.0
4NDS,0.016,0.0
4RNC,0.048,0.0
3DME,0.007,0.0
2EQB,0.067,0.0
2G48,0.04,0.0
5HEC,0.011,0.0
6R45,0.006,0.0
3MUQ,0.011,0.0
5F3P,0.017,0.0
4G7N,0.005,0.0
4RT6,0.007,0.0
4HHD,0.034,0.0
4WD4,0.007,0.0
4R6I,0.003,0.0
6EIM,0.04,0.0
1EGJ,0.014,0.0
3CL3,0.008,0.0
1GOI,0.006,0.0
3S9D,0.047,0.0
6SNZ,0.007,0.0
3F62,0.032,0.0
5UF5,0.007,0.0
3OC3,0.012,0.0
5FEA,0.02,0.0
6HGO,0.214,0.0
1UTY,0.012,0.0
2ZEJ,0.058,0.0
2F91,0.023,0.0
2GHJ,0.013,0.0
5Y0L,0.01,0.0
3G13,0.047,0.0
2RJZ,0.067,0.0
1XDT,0.011,0.0
5B83,0.008,0.0
1YFN,0.104,0.0
6S4Q,0.007,0.0
4UFR,0.015,0.0
3L6U,0.036,0.0
2OPO,0.012,0.0
1O75,0.005,0.0
3SY6,0.006,0.0
5KL1,0.033,0.0
3ECY,0.196,0.0
1R5I,0.018,0.0
3CJL_af2m,0.63,2.0
1DCE_af2m,0.7269999999999999,2.0
3U6X_af2m,0.751,2.0
3Q33_af2m,0.78,2.0
4MZA_af2m,0.697,2.0
3CLO_af2m,0.795,2.0
3G13_af2m,0.6169999999999999,2.0
6GUP_af2m,0.552,2.0
1XDT_af2m,0.7249999999999999,2.0
3K6G_af2m,0.749,2.0
2FXA_af2m,0.679,2.0
4TUH_af2m,0.696,2.0
5BQC_af2m,0.768,2.0
4TX4_af2m,0.624,2.0
4Y7I_af2m,0.7219999999999999,2.0
3Q5W_af2m,0.5919999999999999,2.0
5LOP_af2m,0.557,2.0
1U1W_af2m,0.559,2.0
2YIJ_af2m,0.68,2.0
5ZTC_af2m,0.644,2.0
6JNJ_af2m,0.779,2.0
4YZE_af2m,0.7329999999999999,2.0
2A5D_af2m,0.697,2.0
3S84_af2m,0.762,2.0
3S8I_af2m,0.754,2.0
5C2J_af2m,0.5989999999999999,2.0
1DX5_af2m,0.794,2.0
3MGG_af2m,0.759,2.0
2PYT_af2m,0.678,2.0
6EDI_af2m,0.7259999999999999,2.0
1D7M_af2m,0.795,2.0
2ZCM_af2m,0.7099999999999999,2.0
3FX3_af2m,0.7399999999999999,2.0
5XSP_af2m,0.7379999999999999,2.0
3CLQ_af2m,0.788,2.0
1RKT_af2m,0.693,2.0
1ZNO_af2m,0.7049999999999998,2.0
1TY4_af2m,0.7389999999999999,2.0
4DHI_af2m,0.657,2.0
2FIU_af2m,0.674,2.0
6NJC_af2m,0.662,2.0
3PEV_af2m,0.755,2.0
1Y9B_af2m,0.653,2.0
2ZVY_af2m,0.653,2.0
1WC3_af2m,0.781,2.0
3INB_af2m,0.663,2.0
6IY0_af2m,0.686,2.0
3L3O_af2m,0.754,2.0
4XDN_af2m,0.7259999999999999,2.0
2AZJ_af2m,0.536,2.0
3PU9_af2m,0.751,2.0
1PC6_af2m,0.509,2.0
4BK0_af2m,0.76,2.0
1G1X_af2m,0.7089999999999999,2.0
4DCK_af2m,0.7359999999999999,2.0
2WOJ_af2m,0.622,2.0
2A6A_af2m,0.648,2.0
3IMA_af2m,0.554,2.0
4ZMU_af2m,0.788,2.0
2ZET_af2m,0.7169999999999999,2.0
2ZOD_af2m,0.533,2.0
3WHL_af2m,0.529,2.0
6HS0_af2m,0.558,2.0
5W6Y_af2m,0.5819999999999999,2.0
2PW9_af2m,0.679,2.0
5X3T_af2m,0.5759999999999998,2.0
4PW9_af2m,0.629,2.0
6CF1_af2m,0.765,2.0
2HA9_af2m,0.558,2.0
3HA4_af2m,0.624,2.0
3T6G_af2m,0.796,2.0
4L9G_af2m,0.676,2.0
4C9R_af2m,0.748,2.0
1OR7_af2m,0.7409999999999999,2.0
1O0W_af2m,0.673,2.0
3OPC_af2m,0.627,2.0
1FJH_af2m,0.7359999999999999,2.0
4L2W_af2m,0.762,2.0
2JD3_af2m,0.666,2.0
1PXV_af2m,0.666,2.0
2V57_af2m,0.7339999999999999,2.0
4JS0_af2m,0.7179999999999999,2.0
3JX9_af2m,0.7159999999999999,2.0
1VHD_af2m,0.6069999999999999,2.0
4RP3_af2m,0.501,2.0
3IC9_af2m,0.677,2.0
3GB3_af2m,0.784,2.0
3PZJ_af2m,0.796,2.0
2GEY_af2m,0.7399999999999999,2.0
6D71_af2m,0.552,2.0
1IA9_af2m,0.664,2.0
6K4E_af2m,0.7359999999999999,2.0
3TL8_af2m,0.5929999999999999,2.0
1JYA_af2m,0.777,2.0
2O38_af2m,0.784,2.0
5KTB_af2m,0.5849999999999999,2.0
3KEO_af2m,0.542,2.0
4G1G_af2m,0.764,2.0
3KIZ_af2m,0.756,2.0
6EXM_af2m,0.754,2.0
3ZNZ_af2m,0.754,2.0
4LUB_af2m,0.677,2.0
2FQ1_af2m,0.7389999999999999,2.0
4UZZ_af2m,0.792,2.0
6H1W_af2m,0.509,2.0
4L6W_af2m,0.777,2.0
4A8J_af2m,0.626,2.0
2ZW5_af2m,0.765,2.0
5FGO_af2m,0.647,2.0
3NYM_af2m,0.574,2.0
1T98_af2m,0.7249999999999999,2.0
4AF3_af2m,0.7159999999999999,2.0
5D6H_af2m,0.5839999999999999,2.0
2DTJ_af2m,0.683,2.0
4E6N_af2m,0.686,2.0
2EWN_af2m,0.697,2.0
5FT0_af2m,0.648,2.0
6GP3_af2m,0.693,2.0
5WXM_af2m,0.686,2.0
6SNZ_af2m,0.7129999999999999,2.0
3ANP_af2m,0.645,2.0
4G1T_af2m,0.669,2.0
2FDB_af2m,0.746,2.0
3CQC_af2m,0.7369999999999999,2.0
1ZBD_af2m,0.545,2.0
3U7U_af2m,0.761,2.0
2R11_af2m,0.751,2.0
5C9N_af2m,0.784,2.0
2HXI_af2m,0.7079999999999999,2.0
4MT8_af2m,0.786,2.0
2FU5_af2m,0.621,2.0
4CC4_af2m,0.655,2.0
5AYV_af2m,0.779,2.0
4U65_af2m,0.7059999999999998,2.0
1YKH_af2m,0.698,2.0
4ZRK_af2m,0.566,2.0
4ITR_af2m,0.755,2.0
3R84_af2m,0.63,2.0
2E7J_af2m,0.755,2.0
5F3P_af2m,0.6189999999999999,2.0
3F9S_af2m,0.7219999999999999,2.0
2GUH_af2m,0.552,2.0
2OT3_af2m,0.672,2.0
2QJ8_af2m,0.7269999999999999,2.0
2GK4_af2m,0.511,2.0
4JHJ_af2m,0.76,2.0
3N6R_af2m,0.535,2.0
2FXM_af2m,0.788,2.0
4BRU_af2m,0.6169999999999999,2.0
1XY7_af2m,0.686,2.0
5V3N_af2m,0.624,2.0
1U6L_af2m,0.678,2.0
1QH4_af2m,0.571,2.0
5K1S_af2m,0.797,2.0
1OGY_af2m,0.6159999999999999,2.0
2QCS_af2m,0.776,2.0
1U7Z_af2m,0.665,2.0
6L33_af2m,0.683,2.0
3NPI_af2m,0.789,2.0
4WV4_af2m,0.771,2.0
1K3E_af2m,0.5989999999999999,2.0
5DZ8_af2m,0.5809999999999998,2.0
6SIZ_af2m,0.7419999999999999,2.0
5H68_af2m,0.7199999999999999,2.0
1O69_af2m,0.696,2.0
5EVC_af2m,0.7329999999999999,2.0
1VG9_af2m,0.641,2.0
1NBW_af2m,0.756,2.0
2O20_af2m,0.752,2.0
3LMA_af2m,0.689,2.0
3ABD_af2m,0.631,2.0
4YPO_af2m,0.6179999999999999,2.0
4CT0_af2m,0.51,2.0
4F9K_af2m,0.787,2.0
4P5E_af2m,0.78,2.0
5TS2_af2m,0.692,2.0
4UG1_af2m,0.777,2.0
1G60_af2m,0.7079999999999999,2.0
3ZG1_af2m,0.668,2.0
4GYM_af2m,0.6149999999999999,2.0
2Z5K_af2m,0.7409999999999999,2.0
1F3U_af2m,0.7349999999999999,2.0
6C0G_af2m,0.7309999999999999,2.0
5BWA_af2m,0.7309999999999999,2.0
4D6K_af2m,0.68,2.0
1TE5_af2m,0.5999999999999999,2.0
2OD6_af2m,0.531,2.0
3L6E_af2m,0.668,2.0
3ERM_af2m,0.757,2.0
3DMY_af2m,0.7219999999999999,2.0
2R78_af2m,0.671,2.0
3B48_af2m,0.797,2.0
3G5O_af2m,0.789,2.0
1WIW_af2m,0.7139999999999999,2.0
5LSI_af2m,0.7409999999999999,2.0
3D0F_af2m,0.783,2.0
1GO4_af2m,0.7299999999999999,2.0
2C5J_af2m,0.755,2.0
4HSA_af2m,0.677,2.0
4M69_af2m,0.647,2.0
6CMV_af2m,0.646,2.0
2F9Z_af2m,0.746,2.0
4IUM_af2m,0.564,2.0
3N9U_af2m,0.759,2.0
2HQL_af2m,0.7199999999999999,2.0
6RNQ_af2m,0.749,2.0
3ZS9_af2m,0.645,2.0
6OUX_af2m,0.532,2.0
6H6X_af2m,0.7429999999999999,2.0
3ECF_af2m,0.7249999999999999,2.0
4XHU_af2m,0.567,2.0
5AJT_af2m,0.7389999999999999,2.0
5EY0_af2m,0.5849999999999999,2.0
2OND_af2m,0.754,2.0
3CNX_af2m,0.787,2.0
3AGD_af2m,0.7239999999999999,2.0
4V0H_af2m,0.681,2.0
2CYE_af2m,0.621,2.0
3PNR_af2m,0.558,2.0
3FG9_af2m,0.76,2.0
4PUF_af2m,0.501,2.0
5BQ8_af2m,0.7159999999999999,2.0
1ZY4,0.552,2.0
3IQ0,0.785,2.0
2RF4,0.616,2.0
1XY7,0.602,2.0
5DOR,0.793,2.0
3GPV,0.601,2.0
5EK5,0.733,2.0
3QF3,0.541,2.0
2OV9,0.668,2.0
4DHI,0.795,2.0
3WRW,0.678,2.0
2JEE,0.727,2.0
5YJC,0.793,2.0
5XGW,0.794,2.0
5N6X,0.633,2.0
2QLW,0.771,2.0
5K04,0.744,2.0
6SG8,0.5,2.0
4JX2,0.675,2.0
1XMA,0.734,2.0
2CSU,0.563,2.0
5FEY,0.718,2.0
3MJH,0.724,2.0
4N6O,0.789,2.0
1H9D,0.77,2.0
2FQ1,0.77,2.0
6D3V,0.792,2.0
3T38,0.623,2.0
3VHX,0.692,2.0
2Q7N,0.687,2.0
2JF1,0.579,2.0
5J3N,0.543,2.0
3P0U,0.614,2.0
3CX8,0.51,2.0
3IHQ,0.79,2.0
3CPT,0.748,2.0
4D7E,0.691,2.0
5UBF,0.764,2.0
2Y0N,0.645,2.0
3N3K,0.777,2.0
2EUI,0.585,2.0
3WCO,0.775,2.0
3CJL,0.669,2.0
3MGG,0.748,2.0
2NP5,0.769,2.0
2X0D,0.731,2.0
6TUG,0.698,2.0
5CX3,0.701,2.0
6MX1,0.781,2.0
3G12,0.652,2.0
4K2E,0.766,2.0
4H7N,0.774,2.0
3KOR,0.707,2.0
6HJM,0.784,2.0
3VU9,0.633,2.0
4PR3,0.73,2.0
5J4I,0.587,2.0
3F9S,0.71,2.0
5N0O,0.638,2.0
3QGU,0.694,2.0
4V0H,0.661,2.0
2OND,0.603,2.0
3ERM,0.758,2.0
3FHL,0.787,2.0
3TAI,0.494,2.0
5I9E,0.568,2.0
1VL7,0.786,2.0
1MP9,0.633,2.0
6CPB,0.69,2.0
6K4E,0.719,2.0
5L0L,0.788,2.0
5BQ8,0.717,2.0
2G39,0.776,2.0
4JIS,0.68,2.0
2ZD7,0.694,2.0
2FXA,0.648,2.0
3M92,0.552,2.0
3QTH,0.763,2.0
3FM2,0.756,2.0
4A49,0.742,2.0
3CQC,0.795,2.0
4OPA,0.54,2.0
5AJS,0.689,2.0
2ZXX,0.653,2.0
3CWR,0.658,2.0
3K40,0.684,2.0
6IFQ,0.681,2.0
3BHQ,0.682,2.0
4BT8,0.797,2.0
5B0R,0.704,2.0
1F3U,0.734,2.0
5H6T,0.662,2.0
3B48,0.754,2.0
4Q2N,0.492,2.0
4UG1,0.777,2.0
4OTM,0.754,2.0
2QSX,0.779,2.0
4G91,0.546,2.0
2CV8,0.582,2.0
3IN6,0.595,2.0
4RAZ,0.502,2.0
2F5J,0.568,2.0
1VHD,0.692,2.0
2QQZ,0.763,2.0
2CH5,0.728,2.0
2CYE,0.575,2.0
3JU7,0.621,2.0
3GZR,0.776,2.0
5THK,0.754,2.0
3LZ8,0.77,2.0
2B7O,0.559,2.0
2A1J,0.79,2.0
3CEW,0.557,2.0
5LSB,0.685,2.0
3BE6,0.665,2.0
1IAR,0.779,2.0
3BEM,0.715,2.0
4WV4,0.753,2.0
5TFP,0.661,2.0
3ZWF,0.518,2.0
1LQ9,0.704,2.0
4FJV,0.671,2.0
6IS9,0.493,2.0
1OJH,0.564,2.0
4TUH,0.569,2.0
5L10,0.784,2.0
1MK4,0.762,2.0
4TR7,0.773,2.0
5KBX,0.753,2.0
2VE7,0.669,2.0
1O69,0.767,2.0
4C9R,0.678,2.0
3TIX,0.776,2.0
1WTD,0.602,2.0
2QE9,0.695,2.0
3FJS,0.658,2.0
1IA9,0.534,2.0
3L2O,0.759,2.0
3JX9,0.722,2.0
3KEO,0.716,2.0
1XSV,0.737,2.0
2HXO,0.634,2.0
3KXE,0.662,2.0
3G67,0.616,2.0
5YET,0.739,2.0
6NJC,0.671,2.0
2NLV,0.739,2.0
5IFG,0.607,2.0
3WG3,0.757,2.0
6JNJ,0.754,2.0
2RSP,0.604,2.0
5AJJ,0.569,2.0
6BSU,0.78,2.0
2I7R,0.67,2.0
1OMZ,0.766,2.0
3ZFV,0.762,2.0
3G3Z,0.737,2.0
4ZLH,0.518,2.0
6MTG,0.775,2.0
6R1M,0.736,2.0
3G0T,0.724,2.0
5BWA,0.539,2.0
4NVS,0.777,2.0
1R61,0.743,2.0
2QQ6,0.578,2.0
5EE5,0.59,2.0
1Y56,0.617,2.0
4PIB,0.745,2.0
5LQ4,0.737,2.0
3GP4,0.675,2.0
4E2G,0.694,2.0
5UQS,0.777,2.0
2A5L_af2m,0.017,0.0
1YHN_af2m,0.055,0.0
5YX3_af2m,0.0759999999999999,0.0
5HPS_af2m,0.154,0.0
3EIK_af2m,0.01,0.0
1KU2_af2m,0.0129999999999999,0.0
4ME7_af2m,0.0219999999999999,0.0
4J42_af2m,0.0589999999999999,0.0
3CZ8_af2m,0.02,0.0
4PLR_af2m,0.13,0.0
1O75_af2m,0.008,0.0
4PLN_af2m,0.005,0.0
5O32_af2m,0.0089999999999999,0.0
3SGJ_af2m,0.014,0.0
5Z2H_af2m,0.032,0.0
6IYO_af2m,0.017,0.0
1MBY_af2m,0.023,0.0
2BTV_af2m,0.007,0.0
1GLC_af2m,0.0769999999999999,0.0
6G6U_af2m,0.004,0.0
6QPK_af2m,0.0299999999999999,0.0
2H1E_af2m,0.097,0.0
4KYO_af2m,0.008,0.0
3CQR_af2m,0.02,0.0
5MUY_af2m,0.0179999999999999,0.0
1JLY_af2m,0.0089999999999999,0.0
5C21_af2m,0.002,0.0
6HCZ_af2m,0.047,0.0
1XG7_af2m,0.0589999999999999,0.0
2OZ4_af2m,0.021,0.0
2J3T_af2m,0.0089999999999999,0.0
4OIV_af2m,0.008,0.0
4ADN_af2m,0.02,0.0
6NES_af2m,0.006,0.0
4Q7O_af2m,0.016,0.0
5D3I_af2m,0.202,0.0
2JBX_af2m,0.137,0.0
4B0T_af2m,0.007,0.0
5LC4_af2m,0.0509999999999999,0.0
2VLD_af2m,0.194,0.0
3L4B_af2m,0.016,0.0
2PJW_af2m,0.0769999999999999,0.0
2OKU_af2m,0.188,0.0
3BES_af2m,0.021,0.0
6KJU_af2m,0.154,0.0
4IXN_af2m,0.024,0.0
5DI0_af2m,0.004,0.0
19HC_af2m,0.0149999999999999,0.0
4I1U_af2m,0.012,0.0
5WRR_af2m,0.0109999999999999,0.0
4Y5O_af2m,0.155,0.0
1OFH_af2m,0.01,0.0
3ZPX_af2m,0.021,0.0
5VJ4_af2m,0.0149999999999999,0.0
6JUF_af2m,0.006,0.0
2GOP_af2m,0.1729999999999999,0.0
1AZT_af2m,0.006,0.0
3LRU_af2m,0.116,0.0
1DLE_af2m,0.0299999999999999,0.0
4RT6_af2m,0.0429999999999999,0.0
5BWJ_af2m,0.0299999999999999,0.0
1QB2_af2m,0.136,0.0
5TAR_af2m,0.084,0.0
1Y4J_af2m,0.0769999999999999,0.0
2GHV_af2m,0.049,0.0
6FHM_af2m,0.0089999999999999,0.0
4HSU_af2m,0.13,0.0
6K62_af2m,0.006,0.0
5HHJ_af2m,0.135,0.0
3DD9_af2m,0.104,0.0
6IG4_af2m,0.021,0.0
2G9W_af2m,0.1719999999999999,0.0
4JQH_af2m,0.082,0.0
4XZA_af2m,0.012,0.0
4WQO_af2m,0.01,0.0
6MX1_af2m,0.035,0.0
3BXZ_af2m,0.0179999999999999,0.0
4BHQ_af2m,0.028,0.0
1B33_af2m,0.0369999999999999,0.0
1EKU_af2m,0.02,0.0
4EUU_af2m,0.0109999999999999,0.0
1VIO_af2m,0.033,0.0
1Q8M_af2m,0.0439999999999999,0.0
6ALL_af2m,0.021,0.0
3E15_af2m,0.0359999999999999,0.0
5FZP_af2m,0.0129999999999999,0.0
4MYZ_af2m,0.041,0.0
3ZDL_af2m,0.006,0.0
3C3W_af2m,0.007,0.0
3MG1_af2m,0.032,0.0
5B83_af2m,0.021,0.0
2BQ1_af2m,0.1,0.0
2ZMF_af2m,0.1729999999999999,0.0
2O5N_af2m,0.014,0.0
2IV3_af2m,0.0369999999999999,0.0
4NKH_af2m,0.007,0.0
3MVG_af2m,0.05,0.0
4JP4_af2m,0.0379999999999999,0.0
5VYM_af2m,0.0129999999999999,0.0
1TII_af2m,0.049,0.0
5ZYO_af2m,0.034,0.0
4ZKJ_af2m,0.099,0.0
3MUQ_af2m,0.0089999999999999,0.0
5MVS_af2m,0.008,0.0
2DGJ_af2m,0.004,0.0
2W2G_af2m,0.008,0.0
4PRS_af2m,0.247,1.0
4P22_af2m,0.2959999999999999,1.0
3NE5_af2m,0.393,1.0
3W15_af2m,0.2389999999999999,1.0
4MVC_af2m,0.2949999999999999,1.0
4B7Y_af2m,0.339,1.0
3OTP_af2m,0.277,1.0
1I7W_af2m,0.267,1.0
4CLQ_af2m,0.331,1.0
4EAH_af2m,0.277,1.0
3WRW_af2m,0.2939999999999999,1.0
1JMU_af2m,0.434,1.0
3K0L_af2m,0.4249999999999999,1.0
5SY7_af2m,0.4,1.0
4AJ5_af2m,0.277,1.0
3OJY_af2m,0.4149999999999999,1.0
1UC2_af2m,0.4069999999999999,1.0
4M0Q_af2m,0.461,1.0
6AQB_af2m,0.4759999999999999,1.0
2A2A_af2m,0.3049999999999999,1.0
6J9R_af2m,0.334,1.0
2ARP_af2m,0.4789999999999999,1.0
5TOQ_af2m,0.4289999999999999,1.0
3B42_af2m,0.461,1.0
1IXR_af2m,0.386,1.0
4R5K_af2m,0.3629999999999999,1.0
3GJX_af2m,0.268,1.0
3S0Y_af2m,0.337,1.0
2BHV_af2m,0.257,1.0
4IVN_af2m,0.334,1.0
4AYN_af2m,0.278,1.0
3F8M_af2m,0.325,1.0
1I4E_af2m,0.339,1.0
4EBA_af2m,0.4289999999999999,1.0
2WTK_af2m,0.371,1.0
1XRS_af2m,0.316,1.0
3AV0_af2m,0.3039999999999999,1.0
3A0R_af2m,0.2369999999999999,1.0
1VL4_af2m,0.2429999999999999,1.0
3K8P_af2m,0.3559999999999999,1.0
1HT9_af2m,0.334,1.0
1T82_af2m,0.2379999999999999,1.0
2EQB_af2m,0.3619999999999999,1.0
5UFU_af2m,0.333,1.0
4I98_af2m,0.463,1.0
3IKH_af2m,0.457,1.0
3FRY_af2m,0.436,1.0
3LQC_af2m,0.4739999999999999,1.0
2R6A_af2m,0.405,1.0
2QTQ_af2m,0.253,1.0
2C0D_af2m,0.461,1.0
1S3J_af2m,0.387,1.0
5CQS_af2m,0.459,1.0
3TIX_af2m,0.332,1.0
2HD0_af2m,0.454,1.0
1Z84_af2m,0.271,1.0
3TRT_af2m,0.449,1.0
3I84_af2m,0.3639999999999999,1.0
5A3V_af2m,0.4829999999999999,1.0
4XZR_af2m,0.328,1.0
5CQV_af2m,0.3459999999999999,1.0
2A1S_af2m,0.455,1.0
6L1L_af2m,0.382,1.0
6IKN_af2m,0.3529999999999999,1.0
3GWB_af2m,0.277,1.0
4TXV_af2m,0.3509999999999999,1.0
4XTT,0.244,1.0
6KMO,0.336,1.0
3PNL,0.339,1.0
2ZOD,0.333,1.0
4E0E,0.462,1.0
1GH6,0.241,1.0
1RP3,0.365,1.0
2P4W,0.359,1.0
4CYI,0.414,1.0
6H1W,0.328,1.0
3E15,0.287,1.0
1S3J,0.391,1.0
1R6O,0.36,1.0
4KY9,0.444,1.0
3CB2,0.333,1.0
3NI0,0.442,1.0
4GN0,0.345,1.0
3K0L,0.431,1.0
5EY0,0.245,1.0
5TOQ,0.349,1.0
6L1L,0.436,1.0
1XQB,0.377,1.0
2BSJ,0.46,1.0
3E98,0.364,1.0
3G9W,0.427,1.0
3FJY,0.251,1.0
5XLV,0.425,1.0
5KTB,0.363,1.0
4P22,0.301,1.0
3ZDL,0.243,1.0
3AV0,0.302,1.0
5CQS,0.441,1.0
2FU5,0.388,1.0
5VJI,0.406,1.0
1PVM,0.244,1.0
4FXW,0.439,1.0
5TS9,0.282,1.0
5WTQ,0.343,1.0
3M1C,0.457,1.0
4I98,0.289,1.0
6IKN,0.472,1.0
6SIZ,0.261,1.0
1R8J,0.246,1.0
1IXR,0.371,1.0
5JHM,0.263,1.0
3ZGX,0.244,1.0
4YAM,0.409,1.0
2H32,0.442,1.0
4XA3,0.439,1.0
3B76,0.292,1.0
5IBK,0.285,1.0
5FCN,0.482,1.0
3AGD,0.485,1.0
3OP1,0.38,1.0
2btf_55847,0.6655506043583653,
1xd3_79226,0.4927058810602506,
1oph_194284,0.5765343846131817,
1tx6_569,0.7434730092769755,
1ku6_30133,0.6622729515195562,
1g20_193193,0.5082678203712191,
1gpw_7,0.7587103005152804,
2btf_26985,0.7808837537562859,
1gpw_267,0.5837513422200967,
2fi4_2772,0.7321733356605907,
1gpw_41,0.7809435364675248,
1ppf_513,0.6327909465516147,
2kai_9786,0.6634456897432413,
1xd3_147016,0.5363687777041749,
2ckh_97,0.6145108108876957,
2ckh_713,0.6019200499628116,
1ewy_16262,0.5675531288834285,
1ma9_43005,0.6105214576844032,
2ckh_8645,0.6568023570525462,
1he1_47654,0.6972398190045249,
2btf_70261,0.5626224116250809,
1gpw_4,0.7373191315366282,
1p7q_289435,0.5771774629490164,
1gpw_67,0.5062947894782729,
1hxy_403521,0.659592326422156,
1oph_376762,0.5828233655043885,
1gpw_151,0.7507689966716136,
1he1_24691,0.6918195163691924,
1g20_242629,0.497166498323156,
2kai_9310,0.6823276100116527,
1xd3_241941,0.4983813079397952,
2ckh_6375,0.5245210513575671,
1ma9_29693,0.7020297873178959,
1uex_192572,0.6064169818284327,
2kai_16741,0.5885714994856438,
1gpw_105,0.798447551348779,
1tx6_6624,0.7441370702111262,
1tx6_4155,0.7795486305790881,
1ewy_23378,0.6127533191836209,
1dfj_782,0.7540377237601869,
1cho_8,0.7994877694834224,
1cho_1,0.7706806458617201,
1yvb_8961,0.6839797835563663,
1yvb_1292,0.7745958448784137,
1a2k_365130,0.5306538308906893,
1ma9_14288,0.6872954583334346,
2kai_2038,0.6893048344774853,
2ckh_3610,0.5099516780216032,
1ewy_20613,0.6362773593566188,
1gpw_21,0.2819710915779326,
1he1_29,0.2719517302109187,
1nbf_78,0.2599311144802748,
1ppf_11,0.2479907587487715,
1gpw_93,0.4876523771368304,
1p7q_50,0.2316344588625699,
1nbf_9,0.2523649680208682,
1he1_82,0.4277651379677081,
1gpw_6,0.2326156860740592,
1gpw_104,0.3065131150615524,
2fi4_89,0.2649082194684271,
1nbf_38,0.263187156037674,
1he1_75,0.4464657241823417,
3pro_10792,0.4573242258701079,
1xd3_244628,0.4401616121260138,
1ewy_58,0.2874779263131562,
1ewy_87,0.2463021029166729,
3pro_48,0.407232467933246,
1gpw_86,0.2622073064825236,
1ppf_95,0.2329123932405737,
1nbf_30,0.2678235439322338,
1ppf_2,0.2604630721733827,
1uex_20,0.3328683558025768,
1nbf_33508,0.4429295095556156,
1nbf_80,0.2617505486023592,
1cho_7,0.8691129097310272,
1zy8_26766,0.8787316777033661,
1cho_41,0.8448573757146334,
1tx6_4925,0.8016859095234103,
1cho_6,0.8238327214626352,
1gpw_89,0.8328511093707719,
3K32_af2m,0.8,3.0
2P3Y,0.8,3.0
3IX7,0.737,2.0
6Q4W,0.888,3.0
