Target,Model,DockQ,CAPRI
3SE8,model_1_multimer_20220423_569004,0.658,2
3SE8,model_2_multimer_20220423_555805,0.682,2
3SE8,model_1_multimer_20220423_555805,0.720,2
3SE8,model_1_multimer_20220423_574203,0.098,0
3SE8,model_1_multimer_20220423_751456,0.693,2
3SE8,model_1_multimer_20220423_727554,0.353,1
3SE8,model_2_multimer_20220423_569004,0.703,2
3SE8,model_2_multimer_20220423_574203,0.761,2
3SE8,model_3_multimer_20220423_555805,0.270,1
3SE8,model_2_multimer_20220423_727554,0.661,2
3SE8,model_3_multimer_20220423_574203,0.659,2
3SE8,model_2_multimer_20220423_751456,0.682,2
3SE8,model_3_multimer_20220423_727554,0.112,0
3SE8,model_3_multimer_20220423_569004,0.688,2
3SE8,model_4_multimer_20220423_569004,0.035,0
3SE8,model_4_multimer_20220423_555805,0.059,0
3SE8,model_5_multimer_20220423_569004,0.029,0
3SE8,model_4_multimer_20220423_727554,0.042,0
3SE8,model_5_multimer_20220423_555805,0.041,0
3SE8,model_5_multimer_20220423_727554,0.026,0
3SE8,model_4_multimer_20220423_574203,0.053,0
3SE8,model_5_multimer_20220423_574203,0.022,0
3SE8,model_5_multimer_20220423_751456,0.031,0
3SE8,ranked_2,0.270,1
3SE8,model_4_multimer_20220423_751456,0.035,0
3SE8,model_3_multimer_20220423_751456,0.071,0
3SE8,ranked_3,0.041,0
3SE8,ranked_0,0.720,2
3SE8,ranked_4,0.059,0
3SE8,ranked_1,0.682,2
3U7Y,model_1_multimer_20220423_078501,0.034,0
3U7Y,model_1_multimer_20220423_359803,0.044,0
3U7Y,model_1_multimer_20220423_305297,0.039,0
3U7Y,model_2_multimer_20220423_078501,0.046,0
3U7Y,model_2_multimer_20220423_993088,0.049,0
3U7Y,model_1_multimer_20220423_513039,0.042,0
3U7Y,model_3_multimer_20220423_305297,0.074,0
3U7Y,model_2_multimer_20220423_513039,0.049,0
3U7Y,model_2_multimer_20220423_359803,0.041,0
3U7Y,model_3_multimer_20220423_078501,0.066,0
3U7Y,model_2_multimer_20220423_305297,0.060,0
3U7Y,model_3_multimer_20220423_513039,0.057,0
3U7Y,model_1_multimer_20220423_993088,0.033,0
3U7Y,model_4_multimer_20220423_078501,0.037,0
3U7Y,model_5_multimer_20220423_305297,0.045,0
3U7Y,model_4_multimer_20220423_359803,0.045,0
3U7Y,model_4_multimer_20220423_513039,0.038,0
3U7Y,model_4_multimer_20220423_993088,0.043,0
3U7Y,model_3_multimer_20220423_359803,0.043,0
3U7Y,model_3_multimer_20220423_993088,0.064,0
3U7Y,ranked_3,0.060,0
3U7Y,ranked_0,0.074,0
3U7Y,model_4_multimer_20220423_305297,0.047,0
3U7Y,model_5_multimer_20220423_078501,0.784,2
3U7Y,model_5_multimer_20220423_513039,0.045,0
3U7Y,model_5_multimer_20220423_359803,0.033,0
3U7Y,ranked_4,0.039,0
3U7Y,model_5_multimer_20220423_993088,0.805,3
3U7Y,ranked_1,0.045,0
3U7Y,ranked_2,0.047,0
3WD5,model_1_multimer_20220423_528879,0.109,0
3WD5,model_1_multimer_20220423_110354,0.419,1
3WD5,model_1_multimer_20220423_748853,0.069,0
3WD5,model_1_multimer_20220423_477418,0.544,2
3WD5,model_1_multimer_20220423_662178,0.214,0
3WD5,model_2_multimer_20220423_110354,0.099,0
3WD5,model_2_multimer_20220423_528879,0.096,0
3WD5,model_2_multimer_20220423_477418,0.053,0
3WD5,model_2_multimer_20220423_748853,0.239,1
3WD5,model_2_multimer_20220423_662178,0.057,0
3WD5,model_3_multimer_20220423_110354,0.084,0
3WD5,model_3_multimer_20220423_477418,0.146,0
3WD5,model_3_multimer_20220423_528879,0.064,0
3WD5,model_3_multimer_20220423_662178,0.070,0
3WD5,model_3_multimer_20220423_748853,0.104,0
3WD5,model_4_multimer_20220423_110354,0.598,2
3WD5,model_4_multimer_20220423_477418,0.027,0
3WD5,model_4_multimer_20220423_528879,0.032,0
3WD5,model_4_multimer_20220423_662178,0.627,2
3WD5,model_5_multimer_20220423_110354,0.504,2
3WD5,model_4_multimer_20220423_748853,0.631,2
3WD5,model_5_multimer_20220423_477418,0.520,2
3WD5,model_5_multimer_20220423_528879,0.736,2
3WD5,model_5_multimer_20220423_662178,0.304,1
3WD5,model_5_multimer_20220423_748853,0.725,2
3WD5,ranked_0,0.598,2
3WD5,ranked_1,0.504,2
3WD5,ranked_2,0.419,1
3WD5,ranked_3,0.099,0
3WD5,ranked_4,0.084,0
4M5Z,model_1_multimer_20220423_154353,0.634,2
4M5Z,model_1_multimer_20220423_746165,0.622,2
4M5Z,model_1_multimer_20220423_928474,0.614,2
4M5Z,model_1_multimer_20220423_823448,0.607,2
4M5Z,model_2_multimer_20220423_154353,0.554,2
4M5Z,model_2_multimer_20220423_746165,0.560,2
4M5Z,model_1_multimer_20220423_849432,0.600,2
4M5Z,model_2_multimer_20220423_928474,0.578,2
4M5Z,model_2_multimer_20220423_823448,0.547,2
4M5Z,model_2_multimer_20220423_849432,0.546,2
4M5Z,model_3_multimer_20220423_746165,0.787,2
4M5Z,model_3_multimer_20220423_154353,0.787,2
4M5Z,model_3_multimer_20220423_823448,0.802,3
4M5Z,model_3_multimer_20220423_849432,0.776,2
4M5Z,model_3_multimer_20220423_928474,0.669,2
4M5Z,model_4_multimer_20220423_154353,0.581,2
4M5Z,model_4_multimer_20220423_746165,0.561,2
4M5Z,model_4_multimer_20220423_823448,0.580,2
4M5Z,model_4_multimer_20220423_849432,0.551,2
4M5Z,model_4_multimer_20220423_928474,0.568,2
4M5Z,model_5_multimer_20220423_154353,0.548,2
4M5Z,model_5_multimer_20220423_746165,0.555,2
4M5Z,model_5_multimer_20220423_823448,0.599,2
4M5Z,model_5_multimer_20220423_849432,0.533,2
4M5Z,model_5_multimer_20220423_928474,0.617,2
4M5Z,ranked_0,0.617,2
4M5Z,ranked_1,0.614,2
4M5Z,ranked_3,0.568,2
4M5Z,ranked_2,0.578,2
4M5Z,ranked_4,0.669,2
4Y7M,model_1_multimer_20220423_214664,0.447,1
4Y7M,model_2_multimer_20220423_372249,0.272,1
4Y7M,model_2_multimer_20220423_521555,0.352,1
4Y7M,model_1_multimer_20220423_372249,0.312,1
4Y7M,model_2_multimer_20220423_562326,0.261,1
4Y7M,model_1_multimer_20220423_521555,0.345,1
4Y7M,model_1_multimer_20220423_562326,0.378,1
4Y7M,model_2_multimer_20220423_616645,0.260,1
4Y7M,model_3_multimer_20220423_214664,0.247,1
4Y7M,model_2_multimer_20220423_214664,0.439,1
4Y7M,model_1_multimer_20220423_616645,0.897,3
4Y7M,model_3_multimer_20220423_372249,0.363,1
4Y7M,model_3_multimer_20220423_616645,0.285,1
4Y7M,model_3_multimer_20220423_521555,0.502,2
4Y7M,model_3_multimer_20220423_562326,0.362,1
4Y7M,model_4_multimer_20220423_521555,0.894,3
4Y7M,model_4_multimer_20220423_214664,0.536,2
4Y7M,model_4_multimer_20220423_616645,0.720,2
4Y7M,model_4_multimer_20220423_562326,0.249,1
4Y7M,model_5_multimer_20220423_372249,0.783,2
4Y7M,model_5_multimer_20220423_214664,0.022,0
4Y7M,model_5_multimer_20220423_521555,0.018,0
4Y7M,model_5_multimer_20220423_562326,0.019,0
4Y7M,model_4_multimer_20220423_372249,0.335,1
4Y7M,model_5_multimer_20220423_616645,0.017,0
4Y7M,ranked_0,0.247,1
4Y7M,ranked_1,0.447,1
4Y7M,ranked_2,0.439,1
4Y7M,ranked_3,0.536,2
4Y7M,ranked_4,0.022,0
5GRJ,model_1_multimer_20220423_103678,0.014,0
5GRJ,model_2_multimer_20220423_103678,0.017,0
5GRJ,model_1_multimer_20220423_377030,0.433,1
5GRJ,model_2_multimer_20220423_377030,0.729,2
5GRJ,model_1_multimer_20220423_406500,0.771,2
5GRJ,model_2_multimer_20220423_406500,0.012,0
5GRJ,model_1_multimer_20220423_693642,0.764,2
5GRJ,model_2_multimer_20220423_693642,0.562,2
5GRJ,model_2_multimer_20220423_965401,0.034,0
5GRJ,model_1_multimer_20220423_965401,0.014,0
5GRJ,model_3_multimer_20220423_103678,0.788,2
5GRJ,model_3_multimer_20220423_406500,0.693,2
5GRJ,model_3_multimer_20220423_377030,0.732,2
5GRJ,model_3_multimer_20220423_693642,0.724,2
5GRJ,model_3_multimer_20220423_965401,0.776,2
5GRJ,model_4_multimer_20220423_103678,0.165,0
5GRJ,model_4_multimer_20220423_377030,0.551,2
5GRJ,model_4_multimer_20220423_406500,0.165,0
5GRJ,model_4_multimer_20220423_693642,0.558,2
5GRJ,model_4_multimer_20220423_965401,0.193,0
5GRJ,model_5_multimer_20220423_103678,0.755,2
5GRJ,model_5_multimer_20220423_377030,0.760,2
5GRJ,model_5_multimer_20220423_406500,0.762,2
5GRJ,model_5_multimer_20220423_693642,0.752,2
5GRJ,model_5_multimer_20220423_965401,0.664,2
5GRJ,ranked_0,0.764,2
5GRJ,ranked_1,0.752,2
5GRJ,ranked_2,0.562,2
5GRJ,ranked_3,0.558,2
5GRJ,ranked_4,0.724,2
5O1R,model_1_multimer_20220423_080743,0.437,1
5O1R,model_1_multimer_20220423_834476,0.098,0
5O1R,model_1_multimer_20220423_607885,0.102,0
5O1R,model_1_multimer_20220423_862858,0.125,0
5O1R,model_2_multimer_20220423_080743,0.220,0
5O1R,model_2_multimer_20220423_607885,0.454,1
5O1R,model_1_multimer_20220423_626701,0.434,1
5O1R,model_2_multimer_20220423_626701,0.480,1
5O1R,model_2_multimer_20220423_834476,0.466,1
5O1R,model_2_multimer_20220423_862858,0.112,0
5O1R,model_3_multimer_20220423_080743,0.454,1
5O1R,model_3_multimer_20220423_607885,0.064,0
5O1R,model_3_multimer_20220423_626701,0.431,1
5O1R,model_3_multimer_20220423_834476,0.159,0
5O1R,model_3_multimer_20220423_862858,0.066,0
5O1R,model_4_multimer_20220423_080743,0.440,1
5O1R,model_4_multimer_20220423_607885,0.452,1
5O1R,model_4_multimer_20220423_626701,0.449,1
5O1R,model_4_multimer_20220423_834476,0.470,1
5O1R,model_4_multimer_20220423_862858,0.160,0
5O1R,model_5_multimer_20220423_080743,0.475,1
5O1R,model_5_multimer_20220423_607885,0.449,1
5O1R,model_5_multimer_20220423_626701,0.458,1
5O1R,model_5_multimer_20220423_834476,0.466,1
5O1R,model_5_multimer_20220423_862858,0.453,1
5O1R,ranked_0,0.452,1
5O1R,ranked_1,0.449,1
5O1R,ranked_2,0.454,1
5O1R,ranked_3,0.064,0
5O1R,ranked_4,0.102,0
5SV3,model_1_multimer_20220423_176851,0.175,0
5SV3,model_1_multimer_20220423_724452,0.654,2
5SV3,model_2_multimer_20220423_739557,0.932,3
5SV3,model_1_multimer_20220423_739557,0.868,3
5SV3,model_2_multimer_20220423_839030,0.906,3
5SV3,model_1_multimer_20220423_839030,0.017,0
5SV3,model_2_multimer_20220423_176851,0.014,0
5SV3,model_1_multimer_20220423_941888,0.070,0
5SV3,model_2_multimer_20220423_724452,0.894,3
5SV3,model_3_multimer_20220423_176851,0.161,0
5SV3,model_2_multimer_20220423_941888,0.134,0
5SV3,model_3_multimer_20220423_739557,0.160,0
5SV3,model_3_multimer_20220423_724452,0.157,0
5SV3,model_3_multimer_20220423_941888,0.927,3
5SV3,model_3_multimer_20220423_839030,0.103,0
5SV3,model_4_multimer_20220423_176851,0.877,3
5SV3,model_4_multimer_20220423_739557,0.015,0
5SV3,model_4_multimer_20220423_724452,0.015,0
5SV3,model_4_multimer_20220423_839030,0.015,0
5SV3,model_5_multimer_20220423_176851,0.015,0
5SV3,ranked_0,0.927,3
5SV3,model_4_multimer_20220423_941888,0.014,0
5SV3,model_5_multimer_20220423_724452,0.726,2
5SV3,model_5_multimer_20220423_739557,0.896,3
5SV3,model_5_multimer_20220423_941888,0.019,0
5SV3,model_5_multimer_20220423_839030,0.063,0
5SV3,ranked_3,0.019,0
5SV3,ranked_1,0.014,0
5SV3,ranked_2,0.134,0
5SV3,ranked_4,0.070,0
5WK3,model_1_multimer_20220423_681710,0.168,0
5WK3,model_1_multimer_20220423_635985,0.186,0
5WK3,model_3_multimer_20220423_635985,0.181,0
5WK3,model_1_multimer_20220423_193447,0.083,0
5WK3,model_1_multimer_20220423_199542,0.175,0
5WK3,model_2_multimer_20220423_199542,0.166,0
5WK3,model_3_multimer_20220423_193447,0.202,0
5WK3,model_2_multimer_20220423_193447,0.177,0
5WK3,model_1_multimer_20220423_649030,0.098,0
5WK3,model_2_multimer_20220423_635985,0.172,0
5WK3,model_3_multimer_20220423_199542,0.166,0
5WK3,model_2_multimer_20220423_649030,0.184,0
5WK3,model_3_multimer_20220423_649030,0.184,0
5WK3,model_2_multimer_20220423_681710,0.180,0
5WK3,model_3_multimer_20220423_681710,0.221,0
5WK3,model_4_multimer_20220423_199542,0.153,0
5WK3,model_4_multimer_20220423_193447,0.177,0
5WK3,model_4_multimer_20220423_635985,0.289,1
5WK3,model_4_multimer_20220423_681710,0.263,1
5WK3,model_4_multimer_20220423_649030,0.103,0
5WK3,model_5_multimer_20220423_193447,0.103,0
5WK3,model_5_multimer_20220423_199542,0.103,0
5WK3,model_5_multimer_20220423_635985,0.161,0
5WK3,model_5_multimer_20220423_649030,0.180,0
5WK3,model_5_multimer_20220423_681710,0.169,0
5WK3,ranked_0,0.181,0
5WK3,ranked_1,0.186,0
5WK3,ranked_2,0.289,1
5WK3,ranked_4,0.172,0
5WK3,ranked_3,0.161,0
5X0T,model_1_multimer_20220423_421131,0.607,2
5X0T,model_1_multimer_20220423_919491,0.610,2
5X0T,model_1_multimer_20220423_527149,0.757,2
5X0T,model_1_multimer_20220423_842156,0.604,2
5X0T,model_2_multimer_20220423_527149,0.685,2
5X0T,model_2_multimer_20220423_421131,0.615,2
5X0T,model_2_multimer_20220423_842156,0.697,2
5X0T,model_2_multimer_20220423_909739,0.676,2
5X0T,model_1_multimer_20220423_909739,0.683,2
5X0T,model_3_multimer_20220423_421131,0.623,2
5X0T,model_2_multimer_20220423_919491,0.682,2
5X0T,model_3_multimer_20220423_527149,0.614,2
5X0T,model_3_multimer_20220423_909739,0.617,2
5X0T,model_3_multimer_20220423_842156,0.615,2
5X0T,model_3_multimer_20220423_919491,0.611,2
5X0T,model_4_multimer_20220423_421131,0.700,2
5X0T,model_4_multimer_20220423_527149,0.601,2
5X0T,model_4_multimer_20220423_842156,0.693,2
5X0T,model_4_multimer_20220423_909739,0.614,2
5X0T,model_4_multimer_20220423_919491,0.614,2
5X0T,model_5_multimer_20220423_421131,0.601,2
5X0T,model_5_multimer_20220423_842156,0.724,2
5X0T,model_5_multimer_20220423_527149,0.725,2
5X0T,model_5_multimer_20220423_919491,0.601,2
5X0T,model_5_multimer_20220423_909739,0.620,2
5X0T,ranked_0,0.620,2
5X0T,ranked_1,0.683,2
5X0T,ranked_2,0.617,2
5X0T,ranked_4,0.676,2
5X0T,ranked_3,0.614,2
5Y9J,model_1_multimer_20220423_050790,0.047,0
5Y9J,model_2_multimer_20220423_050790,0.133,0
5Y9J,model_1_multimer_20220423_196616,0.109,0
5Y9J,model_2_multimer_20220423_285424,0.143,0
5Y9J,model_2_multimer_20220423_196616,0.141,0
5Y9J,model_1_multimer_20220423_285424,0.058,0
5Y9J,model_1_multimer_20220423_304319,0.077,0
5Y9J,model_2_multimer_20220423_304319,0.193,0
5Y9J,model_1_multimer_20220423_931651,0.075,0
5Y9J,model_3_multimer_20220423_050790,0.088,0
5Y9J,model_2_multimer_20220423_931651,0.095,0
5Y9J,model_3_multimer_20220423_196616,0.086,0
5Y9J,model_3_multimer_20220423_285424,0.066,0
5Y9J,model_3_multimer_20220423_304319,0.047,0
5Y9J,model_3_multimer_20220423_931651,0.093,0
5Y9J,model_4_multimer_20220423_050790,0.120,0
5Y9J,model_4_multimer_20220423_196616,0.290,1
5Y9J,model_4_multimer_20220423_285424,0.121,0
5Y9J,model_4_multimer_20220423_304319,0.176,0
5Y9J,model_4_multimer_20220423_931651,0.034,0
5Y9J,model_5_multimer_20220423_050790,0.295,1
5Y9J,model_5_multimer_20220423_285424,0.265,1
5Y9J,model_5_multimer_20220423_196616,0.470,1
5Y9J,model_5_multimer_20220423_304319,0.247,1
5Y9J,model_5_multimer_20220423_931651,0.268,1
5Y9J,ranked_1,0.290,1
5Y9J,ranked_0,0.470,1
5Y9J,ranked_2,0.141,0
5Y9J,ranked_3,0.086,0
5Y9J,ranked_4,0.109,0
6A77,model_1_multimer_20220423_016003,0.081,0
6A77,model_1_multimer_20220423_411110,0.081,0
6A77,model_1_multimer_20220423_996398,0.081,0
6A77,model_2_multimer_20220423_663616,0.082,0
6A77,model_1_multimer_20220423_663616,0.082,0
6A77,model_2_multimer_20220423_996398,0.082,0
6A77,model_2_multimer_20220423_016003,0.083,0
6A77,model_2_multimer_20220423_411110,0.082,0
6A77,model_2_multimer_20220423_477699,0.082,0
6A77,model_1_multimer_20220423_477699,0.080,0
6A77,model_3_multimer_20220423_016003,0.081,0
6A77,model_3_multimer_20220423_411110,0.081,0
6A77,model_3_multimer_20220423_663616,0.088,0
6A77,model_3_multimer_20220423_477699,0.086,0
6A77,model_3_multimer_20220423_996398,0.082,0
6A77,model_4_multimer_20220423_016003,0.627,2
6A77,model_4_multimer_20220423_411110,0.084,0
6A77,model_4_multimer_20220423_477699,0.084,0
6A77,model_4_multimer_20220423_663616,0.082,0
6A77,model_4_multimer_20220423_996398,0.607,2
6A77,model_5_multimer_20220423_016003,0.671,2
6A77,model_5_multimer_20220423_411110,0.634,2
6A77,model_5_multimer_20220423_477699,0.609,2
6A77,ranked_0,0.671,2
6A77,model_5_multimer_20220423_663616,0.625,2
6A77,model_5_multimer_20220423_996398,0.090,0
6A77,ranked_2,0.081,0
6A77,ranked_1,0.627,2
6A77,ranked_3,0.083,0
6A77,ranked_4,0.081,0
6B0S,model_1_multimer_20220423_052571,0.565,2
6B0S,model_1_multimer_20220423_342393,0.556,2
6B0S,model_1_multimer_20220423_221403,0.563,2
6B0S,model_1_multimer_20220423_536048,0.552,2
6B0S,model_2_multimer_20220423_052571,0.567,2
6B0S,model_2_multimer_20220423_221403,0.571,2
6B0S,model_2_multimer_20220423_342393,0.565,2
6B0S,model_2_multimer_20220423_293181,0.562,2
6B0S,model_1_multimer_20220423_293181,0.558,2
6B0S,model_2_multimer_20220423_536048,0.562,2
6B0S,model_3_multimer_20220423_052571,0.652,2
6B0S,model_3_multimer_20220423_221403,0.599,2
6B0S,model_3_multimer_20220423_293181,0.635,2
6B0S,model_3_multimer_20220423_536048,0.574,2
6B0S,model_3_multimer_20220423_342393,0.589,2
6B0S,model_4_multimer_20220423_052571,0.568,2
6B0S,model_4_multimer_20220423_221403,0.571,2
6B0S,model_4_multimer_20220423_293181,0.568,2
6B0S,model_4_multimer_20220423_342393,0.565,2
6B0S,model_5_multimer_20220423_293181,0.569,2
6B0S,model_5_multimer_20220423_221403,0.567,2
6B0S,model_5_multimer_20220423_052571,0.565,2
6B0S,model_4_multimer_20220423_536048,0.558,2
6B0S,model_5_multimer_20220423_342393,0.562,2
6B0S,model_5_multimer_20220423_536048,0.565,2
6B0S,ranked_0,0.567,2
6B0S,ranked_1,0.568,2
6B0S,ranked_2,0.565,2
6B0S,ranked_3,0.565,2
6B0S,ranked_4,0.652,2
6CWG,model_1_multimer_20220423_334666,0.332,1
6CWG,model_2_multimer_20220423_479118,0.150,0
6CWG,model_2_multimer_20220423_950153,0.164,0
6CWG,model_1_multimer_20220423_470562,0.188,0
6CWG,model_2_multimer_20220423_968975,0.126,0
6CWG,model_1_multimer_20220423_479118,0.766,2
6CWG,model_1_multimer_20220423_950153,0.180,0
6CWG,model_3_multimer_20220423_334666,0.197,0
6CWG,model_3_multimer_20220423_470562,0.025,0
6CWG,model_3_multimer_20220423_479118,0.019,0
6CWG,model_1_multimer_20220423_968975,0.246,1
6CWG,model_2_multimer_20220423_334666,0.324,1
6CWG,model_2_multimer_20220423_470562,0.607,2
6CWG,model_3_multimer_20220423_950153,0.051,0
6CWG,model_3_multimer_20220423_968975,0.043,0
6CWG,model_4_multimer_20220423_334666,0.136,0
6CWG,model_4_multimer_20220423_470562,0.088,0
6CWG,model_4_multimer_20220423_479118,0.176,0
6CWG,model_4_multimer_20220423_950153,0.161,0
6CWG,model_4_multimer_20220423_968975,0.506,2
6CWG,model_5_multimer_20220423_334666,0.243,1
6CWG,model_5_multimer_20220423_470562,0.119,0
6CWG,model_5_multimer_20220423_479118,0.151,0
6CWG,model_5_multimer_20220423_968975,0.014,0
6CWG,model_5_multimer_20220423_950153,0.789,2
6CWG,ranked_0,0.506,2
6CWG,ranked_2,0.246,1
6CWG,ranked_1,0.126,0
6CWG,ranked_3,0.014,0
6CWG,ranked_4,0.043,0
6DBG,model_1_multimer_20220423_383624,0.084,0
6DBG,model_1_multimer_20220423_508018,0.065,0
6DBG,model_2_multimer_20220423_187750,0.090,0
6DBG,model_1_multimer_20220423_187750,0.081,0
6DBG,model_1_multimer_20220423_867380,0.056,0
6DBG,model_2_multimer_20220423_383624,0.116,0
6DBG,model_1_multimer_20220423_868483,0.057,0
6DBG,model_2_multimer_20220423_867380,0.237,1
6DBG,model_2_multimer_20220423_508018,0.268,1
6DBG,model_2_multimer_20220423_868483,0.077,0
6DBG,model_3_multimer_20220423_187750,0.068,0
6DBG,model_3_multimer_20220423_508018,0.585,2
6DBG,model_3_multimer_20220423_383624,0.370,1
6DBG,model_3_multimer_20220423_867380,0.333,1
6DBG,model_4_multimer_20220423_187750,0.264,1
6DBG,model_3_multimer_20220423_868483,0.206,0
6DBG,model_4_multimer_20220423_383624,0.236,1
6DBG,model_4_multimer_20220423_508018,0.183,0
6DBG,model_4_multimer_20220423_867380,0.273,1
6DBG,model_4_multimer_20220423_868483,0.211,0
6DBG,model_5_multimer_20220423_187750,0.082,0
6DBG,model_5_multimer_20220423_383624,0.072,0
6DBG,model_5_multimer_20220423_508018,0.076,0
6DBG,model_5_multimer_20220423_867380,0.073,0
6DBG,model_5_multimer_20220423_868483,0.082,0
6DBG,ranked_0,0.090,0
6DBG,ranked_1,0.264,1
6DBG,ranked_2,0.082,0
6DBG,ranked_3,0.081,0
6DBG,ranked_4,0.068,0
3RJQ,model_1_multimer_20220423_383726,0.115,0
3RJQ,model_1_multimer_20220423_938778,0.110,0
3RJQ,model_1_multimer_20220423_880223,0.105,0
3RJQ,model_1_multimer_20220423_497366,0.120,0
3RJQ,model_2_multimer_20220423_383726,0.100,0
3RJQ,model_1_multimer_20220423_728251,0.110,0
3RJQ,model_2_multimer_20220423_497366,0.114,0
3RJQ,model_2_multimer_20220423_728251,0.589,2
3RJQ,model_2_multimer_20220423_938778,0.125,0
3RJQ,model_2_multimer_20220423_880223,0.077,0
3RJQ,model_3_multimer_20220423_383726,0.067,0
3RJQ,model_3_multimer_20220423_497366,0.087,0
3RJQ,model_3_multimer_20220423_938778,0.563,2
3RJQ,model_3_multimer_20220423_728251,0.084,0
3RJQ,model_3_multimer_20220423_880223,0.078,0
3RJQ,model_4_multimer_20220423_383726,0.151,0
3RJQ,model_4_multimer_20220423_497366,0.146,0
3RJQ,model_4_multimer_20220423_728251,0.145,0
3RJQ,model_4_multimer_20220423_880223,0.136,0
3RJQ,model_4_multimer_20220423_938778,0.146,0
3RJQ,model_5_multimer_20220423_383726,0.082,0
3RJQ,model_5_multimer_20220423_497366,0.077,0
3RJQ,model_5_multimer_20220423_728251,0.060,0
3RJQ,model_5_multimer_20220423_880223,0.057,0
3RJQ,model_5_multimer_20220423_938778,0.086,0
3RJQ,ranked_0,0.563,2
3RJQ,ranked_2,0.086,0
3RJQ,ranked_1,0.110,0
3RJQ,ranked_4,0.146,0
3RJQ,ranked_3,0.125,0
4ETQ,model_1_multimer_20220423_545936,0.042,0
4ETQ,model_2_multimer_20220423_545936,0.042,0
4ETQ,model_1_multimer_20220423_656371,0.037,0
4ETQ,model_2_multimer_20220423_656371,0.038,0
4ETQ,model_2_multimer_20220423_745560,0.033,0
4ETQ,model_1_multimer_20220423_745560,0.032,0
4ETQ,model_1_multimer_20220423_749512,0.037,0
4ETQ,model_1_multimer_20220423_859306,0.043,0
4ETQ,model_2_multimer_20220423_749512,0.040,0
4ETQ,model_2_multimer_20220423_859306,0.034,0
4ETQ,model_3_multimer_20220423_545936,0.047,0
4ETQ,model_3_multimer_20220423_656371,0.797,2
4ETQ,model_3_multimer_20220423_745560,0.033,0
4ETQ,model_3_multimer_20220423_749512,0.041,0
4ETQ,model_3_multimer_20220423_859306,0.049,0
4ETQ,model_4_multimer_20220423_545936,0.056,0
4ETQ,model_4_multimer_20220423_656371,0.051,0
4ETQ,model_4_multimer_20220423_745560,0.225,0
4ETQ,model_4_multimer_20220423_749512,0.063,0
4ETQ,model_4_multimer_20220423_859306,0.081,0
4ETQ,model_5_multimer_20220423_545936,0.038,0
4ETQ,model_5_multimer_20220423_656371,0.043,0
4ETQ,model_5_multimer_20220423_745560,0.057,0
4ETQ,model_5_multimer_20220423_749512,0.037,0
4ETQ,model_5_multimer_20220423_859306,0.038,0
4ETQ,ranked_0,0.057,0
4ETQ,ranked_1,0.033,0
4ETQ,ranked_2,0.032,0
4ETQ,ranked_3,0.033,0
4ETQ,ranked_4,0.225,0
5CBA,model_1_multimer_20220423_121312,0.770,2
5CBA,model_2_multimer_20220423_121312,0.798,2
5CBA,model_1_multimer_20220423_294929,0.791,2
5CBA,model_1_multimer_20220423_296697,0.708,2
5CBA,model_1_multimer_20220423_663901,0.806,3
5CBA,model_2_multimer_20220423_294929,0.802,3
5CBA,model_2_multimer_20220423_296697,0.812,3
5CBA,model_1_multimer_20220423_862209,0.798,2
5CBA,model_2_multimer_20220423_663901,0.787,2
5CBA,model_2_multimer_20220423_862209,0.789,2
5CBA,model_3_multimer_20220423_121312,0.761,2
5CBA,model_3_multimer_20220423_294929,0.786,2
5CBA,model_3_multimer_20220423_296697,0.752,2
5CBA,model_3_multimer_20220423_663901,0.761,2
5CBA,model_4_multimer_20220423_121312,0.746,2
5CBA,model_3_multimer_20220423_862209,0.750,2
5CBA,model_4_multimer_20220423_294929,0.765,2
5CBA,model_4_multimer_20220423_862209,0.779,2
5CBA,model_4_multimer_20220423_663901,0.759,2
5CBA,model_5_multimer_20220423_121312,0.786,2
5CBA,model_4_multimer_20220423_296697,0.763,2
5CBA,model_5_multimer_20220423_294929,0.817,3
5CBA,model_5_multimer_20220423_862209,0.810,3
5CBA,model_5_multimer_20220423_663901,0.780,2
5CBA,ranked_0,0.761,2
5CBA,model_5_multimer_20220423_296697,0.809,3
5CBA,ranked_1,0.786,2
5CBA,ranked_4,0.746,2
5CBA,ranked_3,0.770,2
5CBA,ranked_2,0.798,2
5E5M,model_1_multimer_20220423_338748,0.047,0
5E5M,model_1_multimer_20220423_258507,0.047,0
5E5M,model_2_multimer_20220423_338748,0.099,0
5E5M,model_2_multimer_20220423_258507,0.047,0
5E5M,model_2_multimer_20220423_665347,0.112,0
5E5M,model_1_multimer_20220423_665347,0.624,2
5E5M,model_2_multimer_20220423_940402,0.047,0
5E5M,model_3_multimer_20220423_940402,0.587,2
5E5M,model_1_multimer_20220423_940402,0.096,0
5E5M,model_2_multimer_20220423_698896,0.047,0
5E5M,model_1_multimer_20220423_698896,0.047,0
5E5M,model_3_multimer_20220423_338748,0.048,0
5E5M,model_3_multimer_20220423_258507,0.047,0
5E5M,model_3_multimer_20220423_665347,0.579,2
5E5M,model_3_multimer_20220423_698896,0.134,0
5E5M,model_4_multimer_20220423_258507,0.048,0
5E5M,model_4_multimer_20220423_338748,0.047,0
5E5M,model_4_multimer_20220423_698896,0.069,0
5E5M,model_4_multimer_20220423_665347,0.047,0
5E5M,model_4_multimer_20220423_940402,0.048,0
5E5M,model_5_multimer_20220423_258507,0.068,0
5E5M,model_5_multimer_20220423_338748,0.110,0
5E5M,model_5_multimer_20220423_665347,0.075,0
5E5M,model_5_multimer_20220423_940402,0.110,0
5E5M,model_5_multimer_20220423_698896,0.578,2
5E5M,ranked_0,0.578,2
5E5M,ranked_1,0.047,0
5E5M,ranked_2,0.069,0
5E5M,ranked_3,0.047,0
5E5M,ranked_4,0.134,0
5HGG,model_2_multimer_20220423_879088,0.338,1
5HGG,model_2_multimer_20220423_908001,0.300,1
5HGG,model_1_multimer_20220423_908001,0.279,1
5HGG,model_1_multimer_20220423_842191,0.338,1
5HGG,model_2_multimer_20220423_919207,0.305,1
5HGG,model_1_multimer_20220423_879088,0.298,1
5HGG,model_3_multimer_20220423_879088,0.313,1
5HGG,model_3_multimer_20220423_842191,0.259,1
5HGG,model_1_multimer_20220423_932539,0.335,1
5HGG,model_1_multimer_20220423_919207,0.289,1
5HGG,model_2_multimer_20220423_932539,0.345,1
5HGG,model_4_multimer_20220423_842191,0.244,1
5HGG,model_3_multimer_20220423_932539,0.294,1
5HGG,model_4_multimer_20220423_879088,0.289,1
5HGG,model_3_multimer_20220423_919207,0.272,1
5HGG,model_3_multimer_20220423_908001,0.301,1
5HGG,model_4_multimer_20220423_908001,0.251,1
5HGG,model_2_multimer_20220423_842191,0.273,1
5HGG,model_4_multimer_20220423_932539,0.294,1
5HGG,model_4_multimer_20220423_919207,0.224,0
5HGG,model_5_multimer_20220423_908001,0.298,1
5HGG,model_5_multimer_20220423_842191,0.266,1
5HGG,model_5_multimer_20220423_919207,0.301,1
5HGG,model_5_multimer_20220423_932539,0.282,1
5HGG,ranked_0,0.301,1
5HGG,ranked_1,0.272,1
5HGG,ranked_3,0.305,1
5HGG,ranked_2,0.289,1
5HGG,ranked_4,0.224,0
5KOV,model_1_multimer_20220423_018234,0.186,0
5KOV,model_1_multimer_20220423_066513,0.192,0
5KOV,model_1_multimer_20220423_338795,0.210,0
5KOV,model_4_multimer_20220423_920758,0.190,0
5KOV,model_2_multimer_20220423_066513,0.185,0
5KOV,model_2_multimer_20220423_338795,0.185,0
5KOV,model_1_multimer_20220423_842283,0.180,0
5KOV,model_2_multimer_20220423_842283,0.190,0
5KOV,model_2_multimer_20220423_018234,0.179,0
5KOV,model_1_multimer_20220423_920758,0.184,0
5KOV,model_4_multimer_20220423_018234,0.254,1
5KOV,model_3_multimer_20220423_842283,0.205,0
5KOV,model_3_multimer_20220423_066513,0.189,0
5KOV,model_3_multimer_20220423_018234,0.216,0
5KOV,model_2_multimer_20220423_920758,0.193,0
5KOV,model_4_multimer_20220423_066513,0.175,0
5KOV,model_3_multimer_20220423_338795,0.186,0
5KOV,model_3_multimer_20220423_920758,0.270,1
5KOV,model_4_multimer_20220423_842283,0.179,0
5KOV,model_4_multimer_20220423_338795,0.180,0
5KOV,model_5_multimer_20220423_066513,0.187,0
5KOV,model_5_multimer_20220423_018234,0.200,0
5KOV,model_5_multimer_20220423_338795,0.188,0
5KOV,model_5_multimer_20220423_842283,0.183,0
5KOV,model_5_multimer_20220423_920758,0.186,0
5KOV,ranked_0,0.183,0
5KOV,ranked_1,0.180,0
5KOV,ranked_2,0.205,0
5KOV,ranked_3,0.179,0
5KOV,ranked_4,0.190,0
6A0Z,model_1_multimer_20220423_192075,0.084,0
6A0Z,model_1_multimer_20220423_588683,0.089,0
6A0Z,model_1_multimer_20220423_789739,0.092,0
6A0Z,model_1_multimer_20220423_843835,0.084,0
6A0Z,model_2_multimer_20220423_891832,0.228,0
6A0Z,model_2_multimer_20220423_192075,0.064,0
6A0Z,model_1_multimer_20220423_891832,0.086,0
6A0Z,model_3_multimer_20220423_192075,0.108,0
6A0Z,model_2_multimer_20220423_588683,0.069,0
6A0Z,model_2_multimer_20220423_789739,0.078,0
6A0Z,model_3_multimer_20220423_588683,0.107,0
6A0Z,model_3_multimer_20220423_789739,0.106,0
6A0Z,model_2_multimer_20220423_843835,0.233,1
6A0Z,model_3_multimer_20220423_843835,0.082,0
6A0Z,model_4_multimer_20220423_588683,0.070,0
6A0Z,model_4_multimer_20220423_192075,0.068,0
6A0Z,model_3_multimer_20220423_891832,0.290,1
6A0Z,model_4_multimer_20220423_789739,0.134,0
6A0Z,model_4_multimer_20220423_843835,0.080,0
6A0Z,model_5_multimer_20220423_192075,0.076,0
6A0Z,model_4_multimer_20220423_891832,0.061,0
6A0Z,model_5_multimer_20220423_588683,0.084,0
6A0Z,model_5_multimer_20220423_789739,0.083,0
6A0Z,model_5_multimer_20220423_843835,0.072,0
6A0Z,model_5_multimer_20220423_891832,0.061,0
6A0Z,ranked_0,0.072,0
6A0Z,ranked_1,0.082,0
6A0Z,ranked_2,0.084,0
6A0Z,ranked_3,0.080,0
6A0Z,ranked_4,0.233,1
6AL0,model_1_multimer_20220423_005507,0.210,0
6AL0,model_2_multimer_20220423_005507,0.259,1
6AL0,model_1_multimer_20220423_266634,0.261,1
6AL0,model_1_multimer_20220423_476080,0.260,1
6AL0,model_1_multimer_20220423_840023,0.267,1
6AL0,model_2_multimer_20220423_266634,0.264,1
6AL0,model_2_multimer_20220423_476080,0.256,1
6AL0,model_2_multimer_20220423_840023,0.258,1
6AL0,model_1_multimer_20220423_965846,0.223,0
6AL0,model_2_multimer_20220423_965846,0.247,1
6AL0,model_3_multimer_20220423_005507,0.181,0
6AL0,model_3_multimer_20220423_266634,0.156,0
6AL0,model_3_multimer_20220423_476080,0.274,1
6AL0,model_3_multimer_20220423_840023,0.273,1
6AL0,model_3_multimer_20220423_965846,0.240,1
6AL0,model_4_multimer_20220423_005507,0.255,1
6AL0,model_4_multimer_20220423_965846,0.256,1
6AL0,model_4_multimer_20220423_266634,0.247,1
6AL0,model_4_multimer_20220423_840023,0.257,1
6AL0,model_4_multimer_20220423_476080,0.260,1
6AL0,model_5_multimer_20220423_005507,0.262,1
6AL0,model_5_multimer_20220423_476080,0.276,1
6AL0,model_5_multimer_20220423_266634,0.281,1
6AL0,model_5_multimer_20220423_840023,0.605,2
6AL0,ranked_0,0.267,1
6AL0,ranked_1,0.258,1
6AL0,model_5_multimer_20220423_965846,0.449,1
6AL0,ranked_2,0.257,1
6AL0,ranked_3,0.273,1
6AL0,ranked_4,0.605,2
